-- MySQL dump 10.13  Distrib 5.7.27, for Linux (x86_64)
--
-- Host: localhost    Database: bhctf
-- ------------------------------------------------------
-- Server version	5.7.27-0ubuntu0.16.04.1

/*!40101 SET @OLD_CHARACTER_SET_CLIENT=@@CHARACTER_SET_CLIENT */;
/*!40101 SET @OLD_CHARACTER_SET_RESULTS=@@CHARACTER_SET_RESULTS */;
/*!40101 SET @OLD_COLLATION_CONNECTION=@@COLLATION_CONNECTION */;
/*!40101 SET NAMES utf8 */;
/*!40103 SET @OLD_TIME_ZONE=@@TIME_ZONE */;
/*!40103 SET TIME_ZONE='+00:00' */;
/*!40014 SET @OLD_UNIQUE_CHECKS=@@UNIQUE_CHECKS, UNIQUE_CHECKS=0 */;
/*!40014 SET @OLD_FOREIGN_KEY_CHECKS=@@FOREIGN_KEY_CHECKS, FOREIGN_KEY_CHECKS=0 */;
/*!40101 SET @OLD_SQL_MODE=@@SQL_MODE, SQL_MODE='NO_AUTO_VALUE_ON_ZERO' */;
/*!40111 SET @OLD_SQL_NOTES=@@SQL_NOTES, SQL_NOTES=0 */;

--
-- Table structure for table `attachments`
--

DROP TABLE IF EXISTS `attachments`;
/*!40101 SET @saved_cs_client     = @@character_set_client */;
/*!40101 SET character_set_client = utf8 */;
CREATE TABLE `attachments` (
  `id` int(10) unsigned NOT NULL AUTO_INCREMENT,
  `challs_id` int(11) NOT NULL,
  `filename` varchar(191) COLLATE utf8mb4_unicode_ci NOT NULL,
  `dlink` varchar(191) COLLATE utf8mb4_unicode_ci NOT NULL,
  `created_at` timestamp NULL DEFAULT NULL,
  `updated_at` timestamp NULL DEFAULT NULL,
  PRIMARY KEY (`id`)
) ENGINE=InnoDB AUTO_INCREMENT=21 DEFAULT CHARSET=utf8mb4 COLLATE=utf8mb4_unicode_ci;
/*!40101 SET character_set_client = @saved_cs_client */;

--
-- Dumping data for table `attachments`
--

LOCK TABLES `attachments` WRITE;
/*!40000 ALTER TABLE `attachments` DISABLE KEYS */;
INSERT INTO `attachments` VALUES (1,5,'corruptedfile','../storage/attachments/corrupted.jpg','2017-03-01 20:10:55','2017-03-01 20:10:55'),(2,6,'hardcoded','../storage/attachments/hardcoded','2017-03-01 20:49:57','2017-03-01 20:49:57'),(3,7,'error.apk','../storage/attachments/error.apk','2017-03-02 03:01:14','2017-03-02 03:01:14'),(4,8,'raws.pcapng','../storage/attachments/raws.pcapng','2017-03-02 03:53:25','2017-03-02 03:53:25'),(5,9,'kopi','../storage/attachments/kopi.class','2017-03-02 03:53:25','2017-03-02 03:53:25'),(6,11,'Enc.txt','/var/virtual52/brainhack/public/attachments/Enc.txt','2017-04-03 03:53:20','2017-04-03 03:53:20'),(8,16,'sambung','/var/www/bhctf/public/attachments/sambung','2017-05-07 09:24:44','2017-05-07 09:24:44'),(9,25,'mailto_via.zip','/var/www/bhctf/public/attachments/mailto_via.zip','2017-05-27 23:34:28','2017-05-27 23:34:28'),(10,26,'mbangz.zip','/var/www/bhctf/public/attachments/mbangz.zip','2017-05-27 23:40:50','2017-05-27 23:40:50'),(11,27,'ntap.jpg','/var/www/bhctf/public/attachments/ntap.jpg','2017-05-27 23:46:01','2017-05-27 23:46:01'),(12,34,'easy','/var/www/bhctf/public/attachments/easy','2017-05-28 00:05:20','2017-05-28 00:05:20'),(13,35,'rev1','/var/www/bhctf/public/attachments/rev1','2017-05-28 00:06:42','2017-05-28 00:06:42'),(14,36,'rahasia.txt','/var/www/bhctf/public/attachments/rahasia.txt','2017-05-28 00:09:16','2017-05-28 00:09:16'),(15,40,'enc.txt','/var/www/bhctf/public/attachments/enc.txt','2017-12-21 02:07:12','2017-12-21 02:07:12'),(16,41,'simple.zip','/var/www/bhctf/public/attachments/simple.zip','2017-12-22 08:09:15','2017-12-22 08:09:15'),(17,42,'imagecrypt','/var/www/bhctf/public/attachments/imagecrypt','2017-12-24 05:10:54','2017-12-24 05:10:54'),(18,43,'cough','/var/www/bhctf/public/attachments/cough','2017-12-24 07:35:07','2017-12-24 07:35:07'),(19,44,'encez.txt','/var/www/bhctf2/public/attachments/encez.txt','2019-04-05 17:33:17','2019-04-05 17:33:17'),(20,45,'dare.jpg','/var/www/bhctf2/public/attachments/dare.jpg','2019-04-05 18:05:55','2019-04-05 18:05:55');
/*!40000 ALTER TABLE `attachments` ENABLE KEYS */;
UNLOCK TABLES;

--
-- Table structure for table `categories`
--

DROP TABLE IF EXISTS `categories`;
/*!40101 SET @saved_cs_client     = @@character_set_client */;
/*!40101 SET character_set_client = utf8 */;
CREATE TABLE `categories` (
  `id` int(10) unsigned NOT NULL AUTO_INCREMENT,
  `name` varchar(191) COLLATE utf8mb4_unicode_ci NOT NULL,
  `created_at` timestamp NULL DEFAULT NULL,
  `updated_at` timestamp NULL DEFAULT NULL,
  PRIMARY KEY (`id`)
) ENGINE=InnoDB AUTO_INCREMENT=11 DEFAULT CHARSET=utf8mb4 COLLATE=utf8mb4_unicode_ci;
/*!40101 SET character_set_client = @saved_cs_client */;

--
-- Dumping data for table `categories`
--

LOCK TABLES `categories` WRITE;
/*!40000 ALTER TABLE `categories` DISABLE KEYS */;
INSERT INTO `categories` VALUES (1,'Trivia','2017-03-21 06:37:51','2017-03-21 06:37:51'),(2,'Web','2017-03-21 06:41:46','2017-03-21 06:41:46'),(3,'Reversing','2017-03-21 06:41:46','2017-03-21 06:41:46'),(4,'Forensic','2017-03-21 06:41:46','2017-03-21 06:41:46'),(5,'Recon','2017-03-21 06:41:46','2017-03-21 06:41:46'),(6,'Programming','2017-03-21 06:41:46','2017-03-21 06:41:46'),(7,'Crypto','2017-03-21 06:41:46','2017-03-21 06:41:46'),(8,'Pwning','2017-03-21 06:41:46','2017-03-21 06:41:46'),(9,'Misc','2017-05-27 14:43:27','2017-05-27 14:43:27'),(10,'broken',NULL,NULL);
/*!40000 ALTER TABLE `categories` ENABLE KEYS */;
UNLOCK TABLES;

--
-- Table structure for table `challs`
--

DROP TABLE IF EXISTS `challs`;
/*!40101 SET @saved_cs_client     = @@character_set_client */;
/*!40101 SET character_set_client = utf8 */;
CREATE TABLE `challs` (
  `id` int(10) unsigned NOT NULL AUTO_INCREMENT,
  `title` varchar(191) COLLATE utf8mb4_unicode_ci NOT NULL,
  `desc` text COLLATE utf8mb4_unicode_ci NOT NULL,
  `score` int(11) NOT NULL,
  `fakinflag` varchar(191) COLLATE utf8mb4_unicode_ci NOT NULL,
  `source` varchar(191) COLLATE utf8mb4_unicode_ci NOT NULL,
  `created_at` timestamp NULL DEFAULT NULL,
  `updated_at` timestamp NULL DEFAULT NULL,
  `category_id` int(11) NOT NULL,
  `contest_id` int(11) DEFAULT NULL,
  PRIMARY KEY (`id`)
) ENGINE=InnoDB AUTO_INCREMENT=47 DEFAULT CHARSET=utf8mb4 COLLATE=utf8mb4_unicode_ci;
/*!40101 SET character_set_client = @saved_cs_client */;

--
-- Dumping data for table `challs`
--

LOCK TABLES `challs` WRITE;
/*!40000 ALTER TABLE `challs` DISABLE KEYS */;
INSERT INTO `challs` VALUES (1,'Welcome','Welcome to BrainHack CTF! Format flag disini bervariasi karena sebagian challenges adalah soal soal dari event ctf yang telah lalu. Format flag soal yang berasal dari kami adalah noob{this_is_flag}. Silahkan coba disini',1,'noob{this_is_flag}','BrainHack CTF','2017-03-01 06:52:41','2017-03-01 06:52:41',1,0),(2,'Mah Roboto','Please noobies, robots is not that secure',25,'noob{r0bots_tXt_1s_the_worst_secuurity}','BrainHack CTF','2017-03-01 00:39:27','2017-03-01 00:39:27',1,0),(3,'Tukang Pos','<p>Hack me if you can, NOOB Visit <a href=\"http://sherry.solork.xyz:8000/web/easy.php\" target=\"_blank\">This</a></p>',100,'noob{tuk4ng_pos_ngirim_p0s_omg}','BrainHack CTF','2017-03-01 02:23:48','2019-08-26 04:46:47',2,0),(4,'Tabur Coklat','<p>Web ini seperti biskuit bertabur bulatan coklat. Visit <a href=\"http://sherry.solork.xyz:8000/web/coklat.php\" target=\"_blank\">This</a></p>',50,'noob{donnt_encrypt_y0ur_co0k3ie_lik3_this}','BrainHack CTF','2017-03-01 06:15:02','2019-08-26 04:47:06',2,0),(5,'Corrupted','What\'s wrong with this file ?',50,'AGRI{signature_adalah_jenis_file}','Agrihack Cyber Security IPB','2017-03-01 13:07:34','2017-03-01 13:07:34',4,0),(6,'Hardcoded','Reversing itu (nggak) indah',50,'AGRI{B3laJaR_r3VErS1ng}','Agrihack Cyber Security IPB','2017-03-01 13:48:57','2017-03-01 13:48:57',3,0),(7,'Error Config','Sesuatu telah diubah dari package ini. Apakah itu flagnya?',150,'CDC2016{s1mpl3_j4v4scr1pt}','Cyber Defense Competition 2016','2017-03-01 19:59:51','2017-03-01 19:59:51',4,0),(8,'Raws','When broken bytes need some attention. Good Luck',200,'ITRACE{FR0M.0-F}','ITRACE 2016','2017-03-01 20:47:25','2017-03-01 20:47:25',4,0),(9,'Kopi','Tinggal sruput gan',25,'EKO{893116}','EKOPARTY 2016','2017-03-01 20:49:30','2017-03-01 20:49:30',6,0),(10,'Base','<p>http://pastebin.com/8v5TBqcY</p>',25,'noob{ciri_base32_adalah_hurufnya_gede_semua}','Brainhack CTF','2017-03-05 00:37:07','2019-04-07 20:15:02',7,0),(11,'Enc','<p>Break my encryption</p>',100,'noob{co0l3r_th4n_RSA}','BrainHack CTF','2017-04-03 03:53:20','2019-08-26 06:32:44',10,0),(12,'Mas Alek 1.0','<p>Mas alek memang idolaku. Dia adalah <a href=\"https://www.youtube.com/watch?v=fAsYo5nxa7U\" target=\"_blank\">rapper</a>&nbsp;Indonesia yang berjuang dari nol. Hingga akhirnya sekarang dia membuat login page yang hanya dia yang bisa login. Jadilah yonglek untuk bisa login ke <a href=\"http://sherry.solork.xyz:8000/web/yonglek/rhyme1.php\" target=\"_blank\">sini</a></p>',50,'noob{yonglek_doing_sqli}','BrainHack CTF','2017-04-03 04:03:08','2019-08-26 04:47:33',2,0),(14,'Mas Alek 2.0','<p>Setelah ketahuan webnya dapat ditembus, <a href=\"https://www.youtube.com/watch?v=86TBUae7bvY\" target=\"_blank\">mas alek</a> kembali berinovasi. Kali ini dia yakin kamu gak akan bisa nyamar jadi yonglek buat login ke <a href=\"http://sherry.solork.xyz:8000/web/yonglek/rhyme2.php\" target=\"_blank\">sini</a></p>',100,'noob{LOL_yonglek_with_client_side-defence}','BrainHack CTF','2017-04-03 04:18:47','2019-08-26 04:48:03',2,0),(15,'Manual','<p>Tolong bantu saya untuk menghitung ada berapa hari jumat yang ada di attachment. Mau dihitung manual? Semangat :)</p>\r\n\r\n<p>Flag : noob{jumlah_hari_jumat}</p>\r\n\r\n<p><a href=\"https://solork.xyz/manualfile\" target=\"_blank\">tgif</a></p>',50,'noob{199}','ABCTF 2016','2017-04-03 04:31:53','2019-08-26 04:48:57',6,0),(16,'Sambung','<p>Kami para PRO H4CK3RZ sedang memburu para noobies. Kami bertekad untuk membuat noobies yang sok-sokan pro dan tidak mau membagi ilmu (karena memang tidak punya dan gak mau belajar) untuk enyah dari muka bumi. Kami telah mempunyai data kunci mengenai lokasi para noobies tersebut</p>',140,'FLAG{FOUND_M3_9114AFFC}','PicoCTF 2017','2017-05-07 09:24:44','2019-08-26 06:26:03',10,0),(17,'Hello','<p>Selamat datang di Quadrathlon 2017~~</p>\r\n\r\n<p>Format flag adalah : noob{flag_format}. Silahkan dicoba submit :)</p>',1,'noob{flag_format}','Quadrathlon 2017','2017-05-27 22:27:17','2017-05-27 22:27:17',1,1),(18,'NYN 1.0','<h3>Now You Know 1.0</h3>\r\n\r\n<p>Suatu cara untuk mencari tahu apakah file yang dikirim dan yang diterima dalam transmisi data tetap sama atau tidak (flag dalam huruf kecil semua)</p>',10,'noob{checksum}','Quadrathlon 2017','2017-05-27 22:40:41','2017-05-27 22:40:41',1,1),(19,'NYN 2.0','<h3>Now You Know 2.0</h3>\r\n\r\n<p>Nama kelompok peretas yang berhasil melakukan dumping tools hacking milik NSA yang kemudian dimanfaatkan seseorang/sekelompok yang lain untuk membuat WannaCry (flag dalam huruf kecil semua)</p>',10,'noob{shadowbroker}','Quadrathlon 2017','2017-05-27 22:41:52','2017-05-27 22:41:52',1,1),(20,'NYN 3.0','<h3>Now You Know 3.0</h3>\r\n\r\n<p>Nama domain yang digunakan WannaCry sebagai kill-switch</p>',10,'noob{iuqerfsodp9ifjaposdfjhgosurijfaewrwergwea.com}','Quadrathlon 2017','2017-05-27 22:42:52','2017-05-27 22:42:52',1,1),(21,'NYN 4.0','<h3>Now You Know 4.0</h3>\r\n\r\n<p>Nomor port yang dimanfaatkan WannaCry</p>',10,'noob{445}','Quadrathlon 2017','2017-05-27 22:43:55','2017-05-27 22:43:55',1,1),(22,'Bas[e]ic','<p>Decrypt me please. <a href=\"https://pastebin.com/iYXDYWa4\">Hehe</a></p>',50,'noob{DIAMMM!}','Quadrathlon 2017','2017-05-27 22:57:02','2017-05-27 22:57:02',7,1),(23,'Puter','<p>abbo{qnygbx_jrf_vxv_synt_r}</p>',25,'noob{daltok_wes_iki_flag_e}','Quadrathlon 2017','2017-05-27 22:59:54','2017-05-27 22:59:54',7,1),(24,'Kembaran','<p>Shakijem&nbsp;menemukan sebuah peti harta karun. Di dalam peti itu terdapat sebuah surat yang mengatakan &quot;Pecahkan misteri yang ada di <a href=\"http://sherry.solork.xyz:8000/crypto/twin\">sini</a> untuk mendapatkan harta karun&quot;. Bantu Shakijem untuk memecahkan misteri tersebut!</p>',100,'noob{sha1_now_ezly_collided}','Quadrathlon 2017','2017-05-27 23:10:40','2018-09-26 16:26:12',7,1),(25,'Kasmaran','<p>Via menerima sebuah surat aneh di depan pintu rumahnya. Yang tertulis disana sangatlah aneh, kecuali nama pengirim yang bernama Kley. Akhirnya Via yang penasaran memintamu untuk mencari tahu isi sebenarnya surat misterius tersebut</p>',175,'noob{puisi_xinta}','Quadrathlon 2017','2017-05-27 23:34:28','2017-05-27 23:34:28',7,1),(26,'Permintaan','<p>Klei (orang yang berbeda dengan Kley)&nbsp;akhir-akhir ini sering mengirimkan pesan pada&nbsp;Bambang. Dan kamu sering melihat Klei mengedipkan matanya secara manja saat bertemu dengan Bambang. Cari tahu apa yang terjadi diantara Klei dan Bambang (huruf yg ada di flag huruf kecil semua)</p>',50,'noob{s3n_dnud3s}','Quadrathlon 2017','2017-05-27 23:40:50','2017-05-27 23:40:50',4,1),(27,'Haus','<p>Cari sesuatu yang mencurigakan di dalam minuman ini</p>',50,'noob{ucanrun_butucanthide}','Quadrathlon 2017','2017-05-27 23:46:01','2017-05-27 23:46:01',4,1),(29,'Nakal','<p>Karena semalam nonton bola, Supri lupa mengerjakan tugas di elearning. Supri yang kebingungan lalu meminta Wahiu untuk mengirimkannya kodingan tugas itu. Namun Wahiu malah mengirim <a href=\"https://drive.google.com/open?id=0B1p1UA9YoiJNUzEzdVdsWDlvdE0\">file</a> yang tidak terduga. Karena waktu yang sempit, bantulah Supri untuk mencari kodingan Wahiu</p>',100,'noob{ngopi_kodingan_hehe}','Quadrathlon 2017','2017-05-27 23:49:59','2017-05-27 23:49:59',4,1),(30,'Jack 1','<p>Another simple login for you. <a href=\"http://sherry.solork.xyz:8000/web/queen/jack1.php\">Try this</a></p>',75,'noob{motor_injeksi}','Quadrathlon 2017','2017-05-27 23:53:40','2018-09-26 16:26:34',2,1),(31,'Jack 2','<p>Now it&#39;s not that simple. Hope all the best for you, noob. <a href=\"http://sherry.solork.xyz:8000/web/queen/jack2.php\">Try this</a></p>',150,'noob{mantap_anjer}','Quadrathlon 2017','2017-05-27 23:55:53','2018-09-26 16:26:55',2,1),(32,'Hacked','<p>Hahahahahaha, seorang noob yang sok-sokan pro (Clayday) mendapatkan getahnya! Akhirnya <a href=\"http://sherry.solork.xyz:8000/web/haha/index.html\">webnya</a> di hack oleh noobies yang lain.&nbsp;Clayday kebingungan dimana si hacker menyembunyikan flagnya! Hint: flag disembunyikan dengan client side scripting</p>',75,'noob{js_changed_the_link}','Quadrathlon 2017','2017-05-28 00:00:35','2018-09-26 16:27:13',2,1),(33,'Hitung','<p>Kata sapa penjumlahan 2 bilangan itu gampang? Cobain ini <a href=\"http://sherry.solork.xyz:8000/web/hitung\">deh</a></p>',200,'noob{whY_y0u_gotta_b3_so_noobz}','Quadrathlon 2017','2017-05-28 00:02:04','2018-09-26 16:27:32',2,1),(34,'Easy','<p>Simple nan manis</p>',100,'noob{ez_reevv}','Quadrathlon 2017','2017-05-28 00:05:20','2017-05-28 00:05:20',3,1),(35,'Habis','<p>Just do the reverse bro, and you will know what&#39;s goin on :)</p>',200,'noob{telah_habis_sudah_waktu_ini}','Quadrathlon 2017','2017-05-28 00:06:42','2017-05-28 00:06:42',3,1),(36,'Rahasia','<p>Terkadang kamu harus melihat sebuah permasalahan dari berbagai sudut pandang; baik dekat maupun jauh. Hint : satu baris terdiri dari 143 karakter</p>',100,'noob{BR4IN_T3XT}','Quadrathlon 2017','2017-05-28 00:09:16','2017-05-28 00:09:16',9,1),(37,'Mantan','<p>Kley adalah lelaki idaman wanita. Dia mempunyai banyak sekali mantan, sampai-sampai dia harus membuat sebuah <a href=\"http://sherry.solork.xyz:8000/web/dijah/index.php?p=\">galeri</a>&nbsp;untuk mengingatnya. Namun Kley ternyata diketahui menyembunyikan mantan terindahnya. Siapakah dia? Hint : Foto mantan terindah kley disimpan di tempat yang berbeda. Mantan terindah kley adalah dijah</p>',75,'noob{mantan_naudzubillah}','Quadrathlon 2017','2017-05-28 10:12:12','2018-09-26 16:27:55',2,1),(38,'Video','<p>Embed is love, embed is lyfe :)</p>\r\n\r\n<p><a href=\"http://sherry.solork.xyz:8000/web/angel/index.php\" target=\"_blank\">Try me</a></p>',200,'noob{not_that_hard_bruh}','BrainHack CTF','2017-07-18 06:40:40','2019-08-26 04:52:26',2,0),(39,'Mas Alek 3.0','<p>Mas alek terus belajar dan belajar</p>\r\n\r\n<p>Exploit <a href=\"http://sherry.solork.xyz:8000/web/yonglek/rhyme3.php\" target=\"_blank\">this</a> bruh</p>\r\n\r\n<p>hint : carilah bendera dalam fl4gg</p>',200,'noob{kau_yang_satu_dihati}','BrainHack CTF','2017-07-18 07:03:50','2019-08-26 04:52:00',2,0),(40,'Free Flag','<p>not so free</p>',20,'SUBMITMEPLEASE','BrainHack CTF','2017-12-21 02:07:11','2017-12-21 02:07:11',7,2),(41,'Simplest','<p>find the real key to decrypt</p>',100,'noob{knowing_flag_format_is_important}','BrainHack CTF','2017-12-22 08:09:15','2017-12-22 08:09:15',7,2),(42,'Imagecrypt','<p>dare to decrypt me?</p>',15,'noob{how_can_you_open_me}','BrainHack CTF','2017-12-24 05:10:54','2017-12-24 05:10:54',7,2),(43,'Bersin','<p>si h4xx0r memiliki sistem enkripsi yang sangat unik. sistem ini dapat diakses di -&gt;&nbsp;<strong>nc challs.clayday.id 11111</strong></p>\r\n\r\n<p>dengan sistem yang sama, coba dekripsi ini :</p>',75,'noob{paNAd0l_5an9At_c3p4t_reD4KAn_flu}','COMPFEST9','2017-12-24 06:05:42','2017-12-24 07:39:14',7,2),(44,'Free Flag','<p>Or is it ?</p>\r\n\r\n<p>format flag dalam contest ini adalah noob{flag}</p>\r\n\r\n<p>hint : key = 5</p>',20,'noob{benderagratis}','Brainhack CTF','2019-04-05 09:27:11','2019-04-05 18:35:01',7,3),(45,'ImageFile','<p>Dare to open me ?</p>',20,'noob{wh0_1s_th1s}','Brainhack CTF','2019-04-05 18:05:55','2019-04-05 18:05:55',4,3),(46,'Kantor Pos','<p>Kantor <a href=\"http://sherry.solork.xyz:8000/web/kantorpost.php\">pos</a>&nbsp;yang kehilangan tukang pos</p>',50,'noob{p0st_d0ang_k0k}','Brainhack CTF','2019-04-05 18:39:51','2019-04-05 18:39:51',2,3);
/*!40000 ALTER TABLE `challs` ENABLE KEYS */;
UNLOCK TABLES;

--
-- Table structure for table `comments`
--

DROP TABLE IF EXISTS `comments`;
/*!40101 SET @saved_cs_client     = @@character_set_client */;
/*!40101 SET character_set_client = utf8 */;
CREATE TABLE `comments` (
  `id` int(10) unsigned NOT NULL AUTO_INCREMENT,
  `writeup_id` int(11) NOT NULL,
  `user_id` int(11) NOT NULL,
  `body` text COLLATE utf8mb4_unicode_ci NOT NULL,
  `created_at` timestamp NULL DEFAULT NULL,
  `updated_at` timestamp NULL DEFAULT NULL,
  PRIMARY KEY (`id`)
) ENGINE=InnoDB AUTO_INCREMENT=8 DEFAULT CHARSET=utf8mb4 COLLATE=utf8mb4_unicode_ci;
/*!40101 SET character_set_client = @saved_cs_client */;

--
-- Dumping data for table `comments`
--

LOCK TABLES `comments` WRITE;
/*!40000 ALTER TABLE `comments` DISABLE KEYS */;
INSERT INTO `comments` VALUES (1,5,9,'wah, keren sekali','2017-04-03 06:40:28','2017-04-03 06:40:28'),(2,5,26,'SQL itu apa ya..','2017-04-03 06:44:13','2017-04-03 06:44:13'),(3,6,26,'-','2017-04-03 06:56:26','2017-04-03 06:56:26'),(4,9,16,'ajarin dong kk :(','2017-05-07 10:10:13','2017-05-07 10:10:13'),(5,6,16,'mantap mastah','2017-05-07 10:10:33','2017-05-07 10:10:33'),(6,1,89,'noob{this_is_flag}','2017-11-28 08:35:16','2017-11-28 08:35:16'),(7,5,18,'anyway mimin, jangan lupa flagnya dibikin style leet ya. ^^','2018-02-17 16:27:59','2018-02-17 16:27:59');
/*!40000 ALTER TABLE `comments` ENABLE KEYS */;
UNLOCK TABLES;

--
-- Table structure for table `completeds`
--

DROP TABLE IF EXISTS `completeds`;
/*!40101 SET @saved_cs_client     = @@character_set_client */;
/*!40101 SET character_set_client = utf8 */;
CREATE TABLE `completeds` (
  `challs_id` int(11) NOT NULL,
  `user_id` int(11) NOT NULL,
  `created_at` timestamp NULL DEFAULT NULL,
  `updated_at` timestamp NULL DEFAULT NULL
) ENGINE=InnoDB DEFAULT CHARSET=utf8mb4 COLLATE=utf8mb4_unicode_ci;
/*!40101 SET character_set_client = @saved_cs_client */;

--
-- Dumping data for table `completeds`
--

LOCK TABLES `completeds` WRITE;
/*!40000 ALTER TABLE `completeds` DISABLE KEYS */;
INSERT INTO `completeds` VALUES (1,1,'2017-03-03 23:37:15','2017-03-03 23:37:15'),(1,4,'2017-03-04 03:34:45','2017-03-04 03:34:45'),(1,13,'2017-03-04 04:47:02','2017-03-04 04:47:02'),(1,16,'2017-03-04 14:20:59','2017-03-04 14:20:59'),(2,16,'2017-03-04 14:21:44','2017-03-04 14:21:44'),(1,5,'2017-03-04 17:28:50','2017-03-04 17:28:50'),(1,14,'2017-03-05 02:23:39','2017-03-05 02:23:39'),(2,14,'2017-03-05 02:37:00','2017-03-05 02:37:00'),(9,14,'2017-03-05 02:44:51','2017-03-05 02:44:51'),(1,7,'2017-03-05 04:11:10','2017-03-05 04:11:10'),(2,7,'2017-03-05 04:12:03','2017-03-05 04:12:03'),(10,7,'2017-03-05 06:40:20','2017-03-05 06:40:20'),(5,7,'2017-03-05 06:48:10','2017-03-05 06:48:10'),(3,7,'2017-03-05 07:11:24','2017-03-05 07:11:24'),(1,17,'2017-03-05 09:16:28','2017-03-05 09:16:28'),(10,17,'2017-03-05 09:18:44','2017-03-05 09:18:44'),(2,17,'2017-03-05 10:07:31','2017-03-05 10:07:31'),(10,13,'2017-03-05 10:13:42','2017-03-05 10:13:42'),(3,13,'2017-03-05 10:36:34','2017-03-05 10:36:34'),(4,16,'2017-03-05 13:19:39','2017-03-05 13:19:39'),(2,13,'2017-03-06 03:43:51','2017-03-06 03:43:51'),(7,13,'2017-03-06 05:26:07','2017-03-06 05:26:07'),(5,13,'2017-03-06 05:37:30','2017-03-06 05:37:30'),(1,11,'2017-03-06 06:46:24','2017-03-06 06:46:24'),(2,11,'2017-03-06 06:49:23','2017-03-06 06:49:23'),(10,11,'2017-03-06 07:03:52','2017-03-06 07:03:52'),(1,22,'2017-03-06 09:19:47','2017-03-06 09:19:47'),(2,22,'2017-03-06 09:22:26','2017-03-06 09:22:26'),(5,11,'2017-03-07 01:20:06','2017-03-07 01:20:06'),(1,23,'2017-03-07 02:00:10','2017-03-07 02:00:10'),(2,23,'2017-03-07 02:01:14','2017-03-07 02:01:14'),(10,23,'2017-03-07 02:02:38','2017-03-07 02:02:38'),(9,23,'2017-03-07 02:47:49','2017-03-07 02:47:49'),(1,15,'2017-03-07 05:10:59','2017-03-07 05:10:59'),(10,15,'2017-03-07 05:31:20','2017-03-07 05:31:20'),(9,15,'2017-03-07 06:12:36','2017-03-07 06:12:36'),(1,24,'2017-03-07 08:39:04','2017-03-07 08:39:04'),(10,24,'2017-03-07 08:39:26','2017-03-07 08:39:26'),(3,24,'2017-03-07 08:39:41','2017-03-07 08:39:41'),(5,24,'2017-03-07 08:45:49','2017-03-07 08:45:49'),(4,24,'2017-03-07 09:07:13','2017-03-07 09:07:13'),(1,21,'2017-03-07 09:39:36','2017-03-07 09:39:36'),(10,21,'2017-03-07 09:42:37','2017-03-07 09:42:37'),(4,21,'2017-03-07 09:56:06','2017-03-07 09:56:06'),(3,21,'2017-03-07 10:55:15','2017-03-07 10:55:15'),(8,21,'2017-03-07 11:34:59','2017-03-07 11:34:59'),(8,24,'2017-03-07 11:36:58','2017-03-07 11:36:58'),(7,24,'2017-03-07 11:38:15','2017-03-07 11:38:15'),(7,21,'2017-03-07 11:39:16','2017-03-07 11:39:16'),(1,18,'2017-03-07 12:00:22','2017-03-07 12:00:22'),(2,18,'2017-03-07 12:02:32','2017-03-07 12:02:32'),(10,18,'2017-03-07 12:17:50','2017-03-07 12:17:50'),(4,18,'2017-03-07 12:45:55','2017-03-07 12:45:55'),(9,18,'2017-03-07 12:51:32','2017-03-07 12:51:32'),(1,27,'2017-03-07 15:29:10','2017-03-07 15:29:10'),(5,27,'2017-03-07 15:37:29','2017-03-07 15:37:29'),(10,27,'2017-03-07 15:44:40','2017-03-07 15:44:40'),(8,13,'2017-03-07 16:02:28','2017-03-07 16:02:28'),(7,29,'2017-03-08 00:39:40','2017-03-08 00:39:40'),(3,18,'2017-03-08 02:18:04','2017-03-08 02:18:04'),(1,29,'2017-03-08 07:19:58','2017-03-08 07:19:58'),(1,30,'2017-03-08 08:09:47','2017-03-08 08:09:47'),(2,30,'2017-03-08 08:31:18','2017-03-08 08:31:18'),(9,11,'2017-03-08 13:34:55','2017-03-08 13:34:55'),(2,27,'2017-03-08 13:42:34','2017-03-08 13:42:34'),(8,7,'2017-03-09 00:50:55','2017-03-09 00:50:55'),(9,27,'2017-03-09 02:28:42','2017-03-09 02:28:42'),(5,18,'2017-03-09 05:40:03','2017-03-09 05:40:03'),(5,21,'2017-03-09 05:46:02','2017-03-09 05:46:02'),(1,39,'2017-03-09 11:18:07','2017-03-09 11:18:07'),(1,41,'2017-03-09 11:18:18','2017-03-09 11:18:18'),(1,42,'2017-03-09 11:19:03','2017-03-09 11:19:03'),(10,39,'2017-03-09 11:20:06','2017-03-09 11:20:06'),(1,38,'2017-03-09 11:20:12','2017-03-09 11:20:12'),(1,43,'2017-03-09 11:21:00','2017-03-09 11:21:00'),(1,40,'2017-03-09 11:22:55','2017-03-09 11:22:55'),(2,26,'2017-03-09 11:30:16','2017-03-09 11:30:16'),(1,44,'2017-03-09 11:30:37','2017-03-09 11:30:37'),(2,44,'2017-03-09 11:35:30','2017-03-09 11:35:30'),(10,26,'2017-03-09 11:35:40','2017-03-09 11:35:40'),(5,42,'2017-03-09 11:47:58','2017-03-09 11:47:58'),(5,40,'2017-03-09 11:48:04','2017-03-09 11:48:04'),(5,39,'2017-03-09 11:48:11','2017-03-09 11:48:11'),(5,41,'2017-03-09 11:48:34','2017-03-09 11:48:34'),(5,44,'2017-03-09 11:48:44','2017-03-09 11:48:44'),(1,45,'2017-03-09 12:16:33','2017-03-09 12:16:33'),(7,18,'2017-03-10 02:43:37','2017-03-10 02:43:37'),(4,7,'2017-03-10 04:25:02','2017-03-10 04:25:02'),(1,46,'2017-03-10 06:00:28','2017-03-10 06:00:28'),(9,7,'2017-03-10 06:43:02','2017-03-10 06:43:02'),(2,43,'2017-03-10 07:05:08','2017-03-10 07:05:08'),(1,25,'2017-03-10 11:10:39','2017-03-10 11:10:39'),(10,25,'2017-03-10 11:12:36','2017-03-10 11:12:36'),(2,49,'2017-03-11 13:27:14','2017-03-11 13:27:14'),(10,49,'2017-03-11 13:31:04','2017-03-11 13:31:04'),(7,7,'2017-03-12 04:59:35','2017-03-12 04:59:35'),(2,24,'2017-03-12 11:21:50','2017-03-12 11:21:50'),(9,24,'2017-03-12 11:23:17','2017-03-12 11:23:17'),(1,10,'2017-03-12 14:53:19','2017-03-12 14:53:19'),(5,49,'2017-03-13 04:27:06','2017-03-13 04:27:06'),(9,49,'2017-03-14 01:52:43','2017-03-14 01:52:43'),(1,26,'2017-03-16 12:43:53','2017-03-16 12:43:53'),(9,26,'2017-03-17 05:00:08','2017-03-17 05:00:08'),(3,26,'2017-03-17 05:44:32','2017-03-17 05:44:32'),(5,26,'2017-03-17 05:57:36','2017-03-17 05:57:36'),(4,26,'2017-03-18 06:19:05','2017-03-18 06:19:05'),(7,26,'2017-03-18 07:13:31','2017-03-18 07:13:31'),(8,26,'2017-03-18 08:16:06','2017-03-18 08:16:06'),(1,9,'2017-03-24 07:32:49','2017-03-24 07:32:49'),(7,9,'2017-03-24 07:34:34','2017-03-24 07:34:34'),(3,9,'2017-03-24 07:34:57','2017-03-24 07:34:57'),(5,9,'2017-03-24 07:35:18','2017-03-24 07:35:18'),(4,9,'2017-03-24 07:35:36','2017-03-24 07:35:36'),(10,9,'2017-03-24 07:35:51','2017-03-24 07:35:51'),(9,9,'2017-03-24 07:36:02','2017-03-24 07:36:02'),(2,9,'2017-03-24 07:36:16','2017-03-24 07:36:16'),(8,9,'2017-03-24 07:37:17','2017-03-24 07:37:17'),(6,7,'2017-03-26 05:02:16','2017-03-26 05:02:16'),(6,26,'2017-03-26 05:10:06','2017-03-26 05:10:06'),(1,49,'2017-03-27 03:08:38','2017-03-27 03:08:38'),(2,1,'2017-04-03 04:32:57','2017-04-03 04:32:57'),(1,56,'2017-04-03 04:36:43','2017-04-03 04:36:43'),(2,56,'2017-04-03 04:38:54','2017-04-03 04:38:54'),(3,56,'2017-04-03 04:39:02','2017-04-03 04:39:02'),(4,56,'2017-04-03 04:39:11','2017-04-03 04:39:11'),(5,56,'2017-04-03 04:39:25','2017-04-03 04:39:25'),(6,56,'2017-04-03 04:39:34','2017-04-03 04:39:34'),(7,56,'2017-04-03 04:39:43','2017-04-03 04:39:43'),(8,56,'2017-04-03 04:40:09','2017-04-03 04:40:09'),(9,56,'2017-04-03 04:40:18','2017-04-03 04:40:18'),(10,56,'2017-04-03 04:40:27','2017-04-03 04:40:27'),(12,7,'2017-04-03 05:08:17','2017-04-03 05:08:17'),(14,7,'2017-04-03 05:13:11','2017-04-03 05:13:11'),(12,26,'2017-04-03 06:31:03','2017-04-03 06:31:03'),(12,9,'2017-04-03 06:31:27','2017-04-03 06:31:27'),(14,26,'2017-04-03 06:34:11','2017-04-03 06:34:11'),(14,9,'2017-04-03 06:35:12','2017-04-03 06:35:12'),(5,25,'2017-04-04 09:06:18','2017-04-04 09:06:18'),(2,29,'2017-04-04 23:46:23','2017-04-04 23:46:23'),(9,29,'2017-04-04 23:46:44','2017-04-04 23:46:44'),(10,29,'2017-04-04 23:47:29','2017-04-04 23:47:29'),(4,29,'2017-04-04 23:47:45','2017-04-04 23:47:45'),(5,29,'2017-04-04 23:48:36','2017-04-04 23:48:36'),(3,29,'2017-04-04 23:49:11','2017-04-04 23:49:11'),(1,50,'2017-04-05 11:25:10','2017-04-05 11:25:10'),(2,50,'2017-04-05 11:52:53','2017-04-05 11:52:53'),(12,50,'2017-04-05 11:58:08','2017-04-05 11:58:08'),(3,50,'2017-04-05 12:30:53','2017-04-05 12:30:53'),(2,39,'2017-04-06 10:55:02','2017-04-06 10:55:02'),(12,11,'2017-04-07 01:41:55','2017-04-07 01:41:55'),(9,50,'2017-04-07 11:10:42','2017-04-07 11:10:42'),(5,50,'2017-04-07 11:11:42','2017-04-07 11:11:42'),(4,25,'2017-04-10 10:01:18','2017-04-10 10:01:18'),(1,53,'2017-04-11 08:50:31','2017-04-11 08:50:31'),(10,53,'2017-04-11 09:00:50','2017-04-11 09:00:50'),(12,25,'2017-04-11 09:37:18','2017-04-11 09:37:18'),(1,55,'2017-04-12 00:34:25','2017-04-12 00:34:25'),(2,55,'2017-04-12 00:37:04','2017-04-12 00:37:04'),(3,55,'2017-04-12 00:49:04','2017-04-12 00:49:04'),(4,55,'2017-04-12 01:08:21','2017-04-12 01:08:21'),(12,55,'2017-04-12 01:36:08','2017-04-12 01:36:08'),(14,55,'2017-04-12 01:39:31','2017-04-12 01:39:31'),(10,55,'2017-04-12 01:50:32','2017-04-12 01:50:32'),(9,25,'2017-04-18 09:52:29','2017-04-18 09:52:29'),(12,49,'2017-04-19 05:52:47','2017-04-19 05:52:47'),(2,25,'2017-04-26 11:03:59','2017-04-26 11:03:59'),(4,13,'2017-05-12 19:00:27','2017-05-12 19:00:27'),(1,59,'2017-05-12 22:07:28','2017-05-12 22:07:28'),(2,59,'2017-05-12 22:18:39','2017-05-12 22:18:39'),(10,59,'2017-05-12 22:28:09','2017-05-12 22:28:09'),(5,55,'2017-05-22 10:26:37','2017-05-22 10:26:37'),(9,55,'2017-05-22 11:12:47','2017-05-22 11:12:47'),(14,11,'2017-05-27 13:01:51','2017-05-27 13:01:51'),(4,11,'2017-05-27 13:04:07','2017-05-27 13:04:07'),(3,11,'2017-05-27 13:24:25','2017-05-27 13:24:25'),(15,7,'2017-05-27 16:10:25','2017-05-27 16:10:25'),(1,66,'2017-05-28 14:05:29','2017-05-28 14:05:29'),(1,65,'2017-05-28 14:07:28','2017-05-28 14:07:28'),(14,25,'2017-05-28 14:09:34','2017-05-28 14:09:34'),(12,65,'2017-05-28 14:10:39','2017-05-28 14:10:39'),(2,5,'2017-05-28 14:14:35','2017-05-28 14:14:35'),(4,65,'2017-05-28 14:15:25','2017-05-28 14:15:25'),(1,68,'2017-05-28 17:16:13','2017-05-28 17:16:13'),(12,68,'2017-05-28 17:19:53','2017-05-28 17:19:53'),(12,57,'2017-05-28 17:22:03','2017-05-28 17:22:03'),(3,25,'2017-05-28 17:26:36','2017-05-28 17:26:36'),(12,5,'2017-05-28 17:29:37','2017-05-28 17:29:37'),(1,70,'2017-05-28 18:16:57','2017-05-28 18:16:57'),(2,70,'2017-05-28 18:18:47','2017-05-28 18:18:47'),(3,5,'2017-05-28 18:39:47','2017-05-28 18:39:47'),(4,5,'2017-05-28 18:46:54','2017-05-28 18:46:54'),(14,5,'2017-05-28 18:52:59','2017-05-28 18:52:59'),(10,5,'2017-05-28 18:56:13','2017-05-28 18:56:13'),(5,5,'2017-05-28 19:26:36','2017-05-28 19:26:36'),(10,68,'2017-05-29 05:31:15','2017-05-29 05:31:15'),(2,68,'2017-05-29 05:33:50','2017-05-29 05:33:50'),(4,68,'2017-05-29 05:39:10','2017-05-29 05:39:10'),(14,68,'2017-05-29 05:42:32','2017-05-29 05:42:32'),(15,26,'2017-05-31 10:38:44','2017-05-31 10:38:44'),(17,1,'2017-06-09 16:18:10','2017-06-09 16:18:10'),(15,25,'2017-06-09 16:56:43','2017-06-09 16:56:43'),(30,5,'2017-06-09 17:44:36','2017-06-09 17:44:36'),(17,5,'2017-06-09 17:44:51','2017-06-09 17:44:51'),(34,5,'2017-06-09 17:45:32','2017-06-09 17:45:32'),(37,5,'2017-06-09 17:46:26','2017-06-09 17:46:26'),(22,5,'2017-06-09 17:47:48','2017-06-09 17:47:48'),(32,5,'2017-06-09 17:54:21','2017-06-09 17:54:21'),(26,5,'2017-06-09 18:08:33','2017-06-09 18:08:33'),(27,5,'2017-06-09 18:10:51','2017-06-09 18:10:51'),(23,5,'2017-06-09 18:12:15','2017-06-09 18:12:15'),(31,5,'2017-06-09 18:54:48','2017-06-09 18:54:48'),(17,62,'2017-06-10 03:47:03','2017-06-10 03:47:03'),(36,62,'2017-06-10 04:00:08','2017-06-10 04:00:08'),(30,62,'2017-06-10 04:03:41','2017-06-10 04:03:41'),(26,62,'2017-06-10 04:22:38','2017-06-10 04:22:38'),(27,62,'2017-06-10 04:25:52','2017-06-10 04:25:52'),(20,62,'2017-06-10 04:41:34','2017-06-10 04:41:34'),(21,62,'2017-06-10 04:43:55','2017-06-10 04:43:55'),(23,62,'2017-06-10 04:48:35','2017-06-10 04:48:35'),(19,62,'2017-06-10 05:09:02','2017-06-10 05:09:02'),(18,62,'2017-06-10 05:12:39','2017-06-10 05:12:39'),(22,62,'2017-06-10 10:34:51','2017-06-10 10:34:51'),(17,55,'2017-06-11 04:19:16','2017-06-11 04:19:16'),(18,55,'2017-06-11 04:19:38','2017-06-11 04:19:38'),(19,55,'2017-06-11 04:20:39','2017-06-11 04:20:39'),(30,55,'2017-06-11 04:22:01','2017-06-11 04:22:01'),(32,55,'2017-06-11 04:32:38','2017-06-11 04:32:38'),(23,55,'2017-06-11 04:41:33','2017-06-11 04:41:33'),(22,55,'2017-06-11 04:44:03','2017-06-11 04:44:03'),(24,55,'2017-06-11 04:51:26','2017-06-11 04:51:26'),(34,55,'2017-06-11 04:53:40','2017-06-11 04:53:40'),(37,55,'2017-06-11 05:52:03','2017-06-11 05:52:03'),(17,49,'2017-06-12 04:05:29','2017-06-12 04:05:29'),(30,68,'2017-06-13 05:48:45','2017-06-13 05:48:45'),(17,68,'2017-06-13 05:49:26','2017-06-13 05:49:26'),(18,68,'2017-06-13 05:49:44','2017-06-13 05:49:44'),(19,68,'2017-06-13 05:50:30','2017-06-13 05:50:30'),(21,68,'2017-06-13 05:51:57','2017-06-13 05:51:57'),(20,68,'2017-06-13 05:52:36','2017-06-13 05:52:36'),(17,11,'2017-06-13 13:13:57','2017-06-13 13:13:57'),(19,11,'2017-06-13 13:15:19','2017-06-13 13:15:19'),(20,11,'2017-06-13 13:23:31','2017-06-13 13:23:31'),(21,11,'2017-06-13 13:25:11','2017-06-13 13:25:11'),(18,11,'2017-06-13 13:28:18','2017-06-13 13:28:18'),(32,11,'2017-06-13 13:34:12','2017-06-13 13:34:12'),(22,11,'2017-06-13 13:36:09','2017-06-13 13:36:09'),(23,11,'2017-06-13 13:45:21','2017-06-13 13:45:21'),(24,11,'2017-06-13 14:22:03','2017-06-13 14:22:03'),(27,11,'2017-06-13 14:22:56','2017-06-13 14:22:56'),(30,11,'2017-06-13 14:28:18','2017-06-13 14:28:18'),(31,11,'2017-06-13 14:35:13','2017-06-13 14:35:13'),(37,11,'2017-06-13 14:39:42','2017-06-13 14:39:42'),(36,11,'2017-06-13 14:48:03','2017-06-13 14:48:03'),(26,11,'2017-06-13 21:47:53','2017-06-13 21:47:53'),(34,11,'2017-06-13 21:48:55','2017-06-13 21:48:55'),(15,55,'2017-06-14 11:10:53','2017-06-14 11:10:53'),(29,55,'2017-06-14 11:24:54','2017-06-14 11:24:54'),(27,55,'2017-06-14 11:26:21','2017-06-14 11:26:21'),(33,7,'2017-06-15 12:16:39','2017-06-15 12:16:39'),(37,7,'2017-06-15 12:19:18','2017-06-15 12:19:18'),(24,7,'2017-06-15 12:28:46','2017-06-15 12:28:46'),(30,7,'2017-06-15 12:33:06','2017-06-15 12:33:06'),(32,7,'2017-06-15 12:34:03','2017-06-15 12:34:03'),(36,7,'2017-06-15 12:40:38','2017-06-15 12:40:38'),(31,7,'2017-06-16 05:31:11','2017-06-16 05:31:11'),(31,55,'2017-06-16 08:54:07','2017-06-16 08:54:07'),(12,21,'2017-06-16 20:33:14','2017-06-16 20:33:14'),(2,21,'2017-06-16 20:38:52','2017-06-16 20:38:52'),(14,21,'2017-06-16 20:41:27','2017-06-16 20:41:27'),(6,21,'2017-06-16 22:06:03','2017-06-16 22:06:03'),(11,21,'2017-06-16 22:15:44','2017-06-16 22:15:44'),(17,25,'2017-06-17 10:24:52','2017-06-17 10:24:52'),(30,25,'2017-06-17 10:25:28','2017-06-17 10:25:28'),(19,25,'2017-06-17 10:36:35','2017-06-17 10:36:35'),(18,25,'2017-06-17 10:36:53','2017-06-17 10:36:53'),(21,25,'2017-06-17 10:37:17','2017-06-17 10:37:17'),(1,72,'2017-07-28 23:46:31','2017-07-28 23:46:31'),(2,72,'2017-07-28 23:47:24','2017-07-28 23:47:24'),(3,72,'2017-07-28 23:50:29','2017-07-28 23:50:29'),(18,72,'2017-07-29 06:41:13','2017-07-29 06:41:13'),(19,72,'2017-07-29 07:18:52','2017-07-29 07:18:52'),(20,72,'2017-07-29 07:26:14','2017-07-29 07:26:14'),(21,72,'2017-07-29 07:28:22','2017-07-29 07:28:22'),(3,49,'2017-08-03 14:27:25','2017-08-03 14:27:25'),(1,74,'2017-08-26 16:21:22','2017-08-26 16:21:22'),(17,26,'2017-08-27 02:16:35','2017-08-27 02:16:35'),(18,26,'2017-08-27 02:17:23','2017-08-27 02:17:23'),(30,26,'2017-08-27 02:24:38','2017-08-27 02:24:38'),(32,26,'2017-08-27 02:30:20','2017-08-27 02:30:20'),(19,26,'2017-08-27 03:08:36','2017-08-27 03:08:36'),(20,26,'2017-08-27 03:08:54','2017-08-27 03:08:54'),(21,26,'2017-08-27 03:09:08','2017-08-27 03:09:08'),(2,74,'2017-08-28 09:45:30','2017-08-28 09:45:30'),(17,77,'2017-10-27 02:55:04','2017-10-27 02:55:04'),(1,79,'2017-11-09 14:18:11','2017-11-09 14:18:11'),(17,79,'2017-11-09 14:28:41','2017-11-09 14:28:41'),(18,79,'2017-11-09 14:36:09','2017-11-09 14:36:09'),(19,79,'2017-11-09 14:36:26','2017-11-09 14:36:26'),(20,79,'2017-11-09 14:38:05','2017-11-09 14:38:05'),(21,79,'2017-11-09 14:39:48','2017-11-09 14:39:48'),(3,79,'2017-11-23 13:06:15','2017-11-23 13:06:15'),(1,82,'2017-11-25 00:58:59','2017-11-25 00:58:59'),(1,83,'2017-11-25 05:22:38','2017-11-25 05:22:38'),(12,83,'2017-11-25 05:26:20','2017-11-25 05:26:20'),(1,81,'2017-11-25 05:29:09','2017-11-25 05:29:09'),(3,83,'2017-11-25 06:17:15','2017-11-25 06:17:15'),(3,84,'2017-11-25 13:24:20','2017-11-25 13:24:20'),(1,84,'2017-11-25 13:24:59','2017-11-25 13:24:59'),(12,84,'2017-11-25 13:26:28','2017-11-25 13:26:28'),(2,84,'2017-11-25 13:32:32','2017-11-25 13:32:32'),(1,85,'2017-11-27 01:47:38','2017-11-27 01:47:38'),(1,86,'2017-11-27 13:40:51','2017-11-27 13:40:51'),(1,87,'2017-11-27 17:09:21','2017-11-27 17:09:21'),(1,88,'2017-11-28 07:40:31','2017-11-28 07:40:31'),(1,89,'2017-11-28 08:36:07','2017-11-28 08:36:07'),(2,89,'2017-11-28 08:41:09','2017-11-28 08:41:09'),(3,88,'2017-11-28 16:14:44','2017-11-28 16:14:44'),(4,88,'2017-11-28 16:29:26','2017-11-28 16:29:26'),(1,91,'2017-11-29 03:41:01','2017-11-29 03:41:01'),(1,92,'2017-11-30 07:33:07','2017-11-30 07:33:07'),(1,93,'2017-11-30 07:36:16','2017-11-30 07:36:16'),(12,94,'2017-11-30 09:33:43','2017-11-30 09:33:43'),(1,94,'2017-11-30 09:34:29','2017-11-30 09:34:29'),(2,83,'2017-11-30 12:40:06','2017-11-30 12:40:06'),(10,83,'2017-11-30 13:47:36','2017-11-30 13:47:36'),(1,95,'2017-11-30 13:55:38','2017-11-30 13:55:38'),(1,96,'2017-12-01 04:25:48','2017-12-01 04:25:48'),(10,96,'2017-12-01 04:31:46','2017-12-01 04:31:46'),(5,96,'2017-12-01 04:49:35','2017-12-01 04:49:35'),(17,96,'2017-12-01 04:50:15','2017-12-01 04:50:15'),(19,96,'2017-12-01 04:53:55','2017-12-01 04:53:55'),(21,96,'2017-12-01 04:58:23','2017-12-01 04:58:23'),(20,96,'2017-12-01 05:55:57','2017-12-01 05:55:57'),(22,96,'2017-12-01 05:58:08','2017-12-01 05:58:08'),(23,96,'2017-12-01 06:02:13','2017-12-01 06:02:13'),(1,97,'2017-12-01 06:15:14','2017-12-01 06:15:14'),(9,83,'2017-12-02 14:48:16','2017-12-02 14:48:16'),(10,84,'2017-12-03 13:21:05','2017-12-03 13:21:05'),(9,84,'2017-12-03 13:33:00','2017-12-03 13:33:00'),(1,98,'2017-12-06 12:15:06','2017-12-06 12:15:06'),(2,98,'2017-12-06 12:27:56','2017-12-06 12:27:56'),(17,83,'2017-12-07 11:44:16','2017-12-07 11:44:16'),(17,94,'2017-12-08 13:52:47','2017-12-08 13:52:47'),(18,94,'2017-12-08 13:53:46','2017-12-08 13:53:46'),(19,94,'2017-12-08 13:55:15','2017-12-08 13:55:15'),(20,94,'2017-12-08 13:57:11','2017-12-08 13:57:11'),(21,94,'2017-12-08 13:58:20','2017-12-08 13:58:20'),(22,94,'2017-12-08 13:59:44','2017-12-08 13:59:44'),(23,94,'2017-12-08 14:00:34','2017-12-08 14:00:34'),(24,94,'2017-12-08 14:01:39','2017-12-08 14:01:39'),(25,94,'2017-12-08 14:02:34','2017-12-08 14:02:34'),(2,94,'2017-12-08 14:04:39','2017-12-08 14:04:39'),(3,94,'2017-12-08 14:05:09','2017-12-08 14:05:09'),(4,94,'2017-12-08 14:07:16','2017-12-08 14:07:16'),(14,94,'2017-12-08 14:09:12','2017-12-08 14:09:12'),(15,94,'2017-12-08 14:10:24','2017-12-08 14:10:24'),(11,94,'2017-12-08 14:17:52','2017-12-08 14:17:52'),(26,94,'2017-12-08 14:19:13','2017-12-08 14:19:13'),(27,94,'2017-12-08 14:20:40','2017-12-08 14:20:40'),(29,94,'2017-12-08 14:21:31','2017-12-08 14:21:31'),(30,94,'2017-12-08 14:23:03','2017-12-08 14:23:03'),(31,94,'2017-12-08 14:24:51','2017-12-08 14:24:51'),(37,94,'2017-12-08 14:28:57','2017-12-08 14:28:57'),(32,94,'2017-12-08 14:31:19','2017-12-08 14:31:19'),(33,94,'2017-12-08 14:34:11','2017-12-08 14:34:11'),(34,94,'2017-12-08 14:36:13','2017-12-08 14:36:13'),(35,94,'2017-12-08 14:36:44','2017-12-08 14:36:44'),(36,94,'2017-12-08 14:37:46','2017-12-08 14:37:46'),(1,99,'2017-12-09 15:02:51','2017-12-09 15:02:51'),(1,100,'2017-12-22 11:18:57','2017-12-22 11:18:57'),(2,100,'2017-12-22 11:26:13','2017-12-22 11:26:13'),(3,100,'2017-12-22 11:53:21','2017-12-22 11:53:21'),(14,100,'2017-12-22 11:59:48','2017-12-22 11:59:48'),(12,100,'2017-12-22 12:04:36','2017-12-22 12:04:36'),(4,100,'2017-12-22 12:20:26','2017-12-22 12:20:26'),(10,100,'2017-12-22 12:48:05','2017-12-22 12:48:05'),(17,100,'2017-12-22 12:49:09','2017-12-22 12:49:09'),(30,100,'2017-12-22 12:53:46','2017-12-22 12:53:46'),(32,100,'2017-12-22 13:00:44','2017-12-22 13:00:44'),(17,81,'2017-12-22 16:53:46','2017-12-22 16:53:46'),(1,101,'2017-12-25 12:06:20','2017-12-25 12:06:20'),(10,99,'2018-01-05 12:49:52','2018-01-05 12:49:52'),(4,83,'2018-01-07 15:14:41','2018-01-07 15:14:41'),(14,83,'2018-01-07 15:38:19','2018-01-07 15:38:19'),(1,67,'2018-01-19 22:22:58','2018-01-19 22:22:58'),(12,18,'2018-02-17 16:25:39','2018-02-17 16:25:39'),(14,18,'2018-02-17 16:29:36','2018-02-17 16:29:36'),(4,1,'2018-02-18 17:12:42','2018-02-18 17:12:42'),(1,104,'2018-02-25 08:52:01','2018-02-25 08:52:01'),(1,105,'2018-02-28 22:45:14','2018-02-28 22:45:14'),(3,104,'2018-03-05 13:00:56','2018-03-05 13:00:56'),(4,84,'2018-03-05 23:07:21','2018-03-05 23:07:21'),(14,84,'2018-03-05 23:11:06','2018-03-05 23:11:06'),(1,106,'2018-03-07 07:54:27','2018-03-07 07:54:27'),(5,83,'2018-03-07 14:31:30','2018-03-07 14:31:30'),(4,104,'2018-03-07 15:08:50','2018-03-07 15:08:50'),(12,104,'2018-03-07 15:10:52','2018-03-07 15:10:52'),(14,104,'2018-03-07 15:12:46','2018-03-07 15:12:46'),(2,106,'2018-03-07 22:56:42','2018-03-07 22:56:42'),(4,106,'2018-03-07 23:02:42','2018-03-07 23:02:42'),(12,106,'2018-03-07 23:05:37','2018-03-07 23:05:37'),(3,106,'2018-03-07 23:16:16','2018-03-07 23:16:16'),(14,106,'2018-03-07 23:17:15','2018-03-07 23:17:15'),(1,90,'2018-03-16 17:45:15','2018-03-16 17:45:15'),(6,11,'2018-03-18 11:22:05','2018-03-18 11:22:05'),(4,101,'2018-03-20 11:27:09','2018-03-20 11:27:09'),(2,101,'2018-03-20 11:34:30','2018-03-20 11:34:30'),(10,101,'2018-03-20 11:48:19','2018-03-20 11:48:19'),(10,106,'2018-03-20 18:23:37','2018-03-20 18:23:37'),(5,101,'2018-03-22 16:48:46','2018-03-22 16:48:46'),(1,107,'2018-03-29 14:21:56','2018-03-29 14:21:56'),(2,88,'2018-04-14 17:59:07','2018-04-14 17:59:07'),(12,88,'2018-04-14 18:00:03','2018-04-14 18:00:03'),(14,88,'2018-04-14 18:07:32','2018-04-14 18:07:32'),(10,88,'2018-04-14 21:58:33','2018-04-14 21:58:33'),(9,88,'2018-04-14 22:03:12','2018-04-14 22:03:12'),(2,107,'2018-05-02 10:41:13','2018-05-02 10:41:13'),(10,107,'2018-05-02 10:44:18','2018-05-02 10:44:18'),(1,110,'2018-05-05 11:29:16','2018-05-05 11:29:16'),(2,85,'2018-05-07 23:27:20','2018-05-07 23:27:20'),(5,85,'2018-05-09 07:49:54','2018-05-09 07:49:54'),(10,85,'2018-05-09 19:13:30','2018-05-09 19:13:30'),(2,92,'2018-05-13 19:18:12','2018-05-13 19:18:12'),(10,97,'2018-05-13 19:19:29','2018-05-13 19:19:29'),(5,92,'2018-05-13 19:23:24','2018-05-13 19:23:24'),(5,88,'2018-05-20 23:38:05','2018-05-20 23:38:05'),(2,81,'2018-05-21 13:11:50','2018-05-21 13:11:50'),(2,97,'2018-05-25 18:07:50','2018-05-25 18:07:50'),(12,1,'2018-09-26 08:20:23','2018-09-26 08:20:23'),(10,113,'2018-10-16 01:28:13','2018-10-16 01:28:13'),(2,113,'2018-10-16 01:33:55','2018-10-16 01:33:55'),(1,113,'2018-10-16 01:37:04','2018-10-16 01:37:04'),(1,114,'2018-10-16 07:49:43','2018-10-16 07:49:43'),(10,114,'2018-10-16 07:50:32','2018-10-16 07:50:32'),(2,114,'2018-10-16 07:52:35','2018-10-16 07:52:35'),(15,88,'2018-12-24 09:44:12','2018-12-24 09:44:12'),(10,81,'2018-12-24 11:01:38','2018-12-24 11:01:38'),(4,81,'2018-12-24 11:21:38','2018-12-24 11:21:38'),(3,92,'2018-12-24 13:26:12','2018-12-24 13:26:12'),(12,92,'2018-12-24 15:21:20','2018-12-24 15:21:20'),(4,82,'2018-12-26 15:55:43','2018-12-26 15:55:43'),(4,92,'2018-12-26 16:19:55','2018-12-26 16:19:55'),(2,82,'2018-12-26 16:22:33','2018-12-26 16:22:33'),(12,82,'2018-12-26 16:23:40','2018-12-26 16:23:40'),(3,82,'2018-12-26 16:25:10','2018-12-26 16:25:10'),(14,82,'2018-12-26 16:29:48','2018-12-26 16:29:48'),(15,92,'2018-12-28 14:55:41','2018-12-28 14:55:41'),(10,92,'2018-12-28 15:15:28','2018-12-28 15:15:28'),(14,92,'2018-12-28 15:27:33','2018-12-28 15:27:33'),(14,1,'2019-04-05 02:12:57','2019-04-05 02:12:57'),(1,119,'2019-04-05 19:09:04','2019-04-05 19:09:04'),(10,117,'2019-04-05 19:10:06','2019-04-05 19:10:06'),(1,120,'2019-04-05 19:36:33','2019-04-05 19:36:33'),(1,116,'2019-04-05 20:29:50','2019-04-05 20:29:50'),(1,121,'2019-04-05 20:37:08','2019-04-05 20:37:08'),(1,122,'2019-04-05 20:40:03','2019-04-05 20:40:03'),(1,123,'2019-04-05 20:47:01','2019-04-05 20:47:01'),(2,123,'2019-04-05 20:53:22','2019-04-05 20:53:22'),(4,117,'2019-04-05 21:39:00','2019-04-05 21:39:00'),(2,117,'2019-04-05 21:42:11','2019-04-05 21:42:11'),(3,117,'2019-04-05 21:43:52','2019-04-05 21:43:52'),(1,125,'2019-04-05 21:49:20','2019-04-05 21:49:20'),(2,125,'2019-04-05 21:52:26','2019-04-05 21:52:26'),(38,117,'2019-04-05 22:16:02','2019-04-05 22:16:02'),(1,126,'2019-04-05 22:17:30','2019-04-05 22:17:30'),(1,118,'2019-04-05 22:36:30','2019-04-05 22:36:30'),(12,117,'2019-04-05 22:37:00','2019-04-05 22:37:00'),(2,118,'2019-04-05 22:38:11','2019-04-05 22:38:11'),(12,118,'2019-04-05 22:46:46','2019-04-05 22:46:46'),(3,118,'2019-04-05 22:49:51','2019-04-05 22:49:51'),(14,118,'2019-04-05 22:52:30','2019-04-05 22:52:30'),(10,118,'2019-04-05 23:19:22','2019-04-05 23:19:22'),(15,118,'2019-04-05 23:42:31','2019-04-05 23:42:31'),(15,117,'2019-04-06 00:20:15','2019-04-06 00:20:15'),(1,117,'2019-04-06 00:21:53','2019-04-06 00:21:53'),(1,127,'2019-04-06 07:59:29','2019-04-06 07:59:29'),(10,127,'2019-04-06 08:04:50','2019-04-06 08:04:50'),(14,117,'2019-04-06 09:32:35','2019-04-06 09:32:35'),(15,127,'2019-04-06 09:42:26','2019-04-06 09:42:26'),(1,129,'2019-04-06 11:53:36','2019-04-06 11:53:36'),(1,130,'2019-04-06 12:53:53','2019-04-06 12:53:53'),(1,124,'2019-04-06 13:18:36','2019-04-06 13:18:36'),(10,126,'2019-04-06 13:18:48','2019-04-06 13:18:48'),(1,133,'2019-04-06 13:19:30','2019-04-06 13:19:30'),(1,136,'2019-04-06 13:24:30','2019-04-06 13:24:30'),(1,137,'2019-04-06 13:29:47','2019-04-06 13:29:47'),(1,131,'2019-04-06 13:45:17','2019-04-06 13:45:17'),(2,121,'2019-04-06 13:48:54','2019-04-06 13:48:54'),(2,120,'2019-04-06 13:54:05','2019-04-06 13:54:05'),(2,116,'2019-04-06 14:01:22','2019-04-06 14:01:22'),(2,133,'2019-04-06 14:14:33','2019-04-06 14:14:33'),(10,136,'2019-04-06 14:18:25','2019-04-06 14:18:25'),(4,125,'2019-04-06 15:02:12','2019-04-06 15:02:12'),(12,125,'2019-04-06 15:06:08','2019-04-06 15:06:08'),(1,143,'2019-04-06 15:22:22','2019-04-06 15:22:22'),(2,143,'2019-04-06 15:24:49','2019-04-06 15:24:49'),(10,143,'2019-04-06 15:29:10','2019-04-06 15:29:10'),(10,124,'2019-04-06 15:48:26','2019-04-06 15:48:26'),(2,126,'2019-04-06 15:58:20','2019-04-06 15:58:20'),(4,143,'2019-04-06 16:00:38','2019-04-06 16:00:38'),(12,143,'2019-04-06 16:02:45','2019-04-06 16:02:45'),(10,133,'2019-04-06 16:08:43','2019-04-06 16:08:43'),(3,143,'2019-04-06 16:13:43','2019-04-06 16:13:43'),(14,143,'2019-04-06 16:17:11','2019-04-06 16:17:11'),(2,124,'2019-04-06 16:49:47','2019-04-06 16:49:47'),(38,143,'2019-04-06 17:52:34','2019-04-06 17:52:34'),(4,144,'2019-04-07 19:45:33','2019-04-07 19:45:33'),(1,144,'2019-04-07 19:46:43','2019-04-07 19:46:43'),(12,144,'2019-04-07 19:56:10','2019-04-07 19:56:10'),(3,144,'2019-04-07 20:02:33','2019-04-07 20:02:33'),(39,88,'2019-04-07 21:13:16','2019-04-07 21:13:16'),(38,88,'2019-04-07 21:34:01','2019-04-07 21:34:01'),(1,145,'2019-04-07 21:35:12','2019-04-07 21:35:12'),(2,145,'2019-04-07 22:12:33','2019-04-07 22:12:33'),(10,145,'2019-04-07 22:32:37','2019-04-07 22:32:37'),(15,145,'2019-04-07 23:42:18','2019-04-07 23:42:18'),(15,126,'2019-04-07 23:44:48','2019-04-07 23:44:48'),(4,145,'2019-04-08 01:37:54','2019-04-08 01:37:54'),(3,145,'2019-04-08 01:56:14','2019-04-08 01:56:14'),(4,126,'2019-04-08 13:49:09','2019-04-08 13:49:09'),(4,127,'2019-04-08 13:59:18','2019-04-08 13:59:18'),(15,143,'2019-04-08 13:59:40','2019-04-08 13:59:40'),(2,127,'2019-04-08 14:02:35','2019-04-08 14:02:35'),(4,133,'2019-04-09 22:30:54','2019-04-09 22:30:54'),(12,145,'2019-04-09 22:42:15','2019-04-09 22:42:15'),(14,145,'2019-04-09 22:52:04','2019-04-09 22:52:04'),(39,117,'2019-04-09 23:39:27','2019-04-09 23:39:27'),(38,145,'2019-04-10 00:49:57','2019-04-10 00:49:57'),(1,141,'2019-04-10 09:46:03','2019-04-10 09:46:03'),(1,147,'2019-04-10 13:51:12','2019-04-10 13:51:12'),(2,147,'2019-04-10 13:56:27','2019-04-10 13:56:27'),(15,133,'2019-04-11 13:56:45','2019-04-11 13:56:45'),(12,126,'2019-04-11 14:14:06','2019-04-11 14:14:06'),(4,122,'2019-04-11 20:11:21','2019-04-11 20:11:21'),(1,148,'2019-04-11 22:32:50','2019-04-11 22:32:50'),(2,148,'2019-04-11 22:56:50','2019-04-11 22:56:50'),(14,127,'2019-04-12 00:37:23','2019-04-12 00:37:23'),(14,126,'2019-04-12 01:04:28','2019-04-12 01:04:28'),(3,126,'2019-04-12 01:17:03','2019-04-12 01:17:03'),(3,127,'2019-04-12 01:41:48','2019-04-12 01:41:48'),(12,127,'2019-04-12 01:44:42','2019-04-12 01:44:42'),(12,133,'2019-04-12 09:02:15','2019-04-12 09:02:15'),(2,137,'2019-04-12 14:01:36','2019-04-12 14:01:36'),(4,148,'2019-04-12 14:08:55','2019-04-12 14:08:55'),(1,149,'2019-04-12 18:58:02','2019-04-12 18:58:02'),(2,119,'2019-04-12 18:59:26','2019-04-12 18:59:26'),(3,149,'2019-04-12 19:20:56','2019-04-12 19:20:56'),(10,119,'2019-04-12 20:11:09','2019-04-12 20:11:09'),(4,119,'2019-04-12 20:17:32','2019-04-12 20:17:32'),(4,149,'2019-04-12 21:26:03','2019-04-12 21:26:03'),(3,119,'2019-04-12 21:35:27','2019-04-12 21:35:27'),(2,149,'2019-04-12 21:56:49','2019-04-12 21:56:49'),(12,119,'2019-04-13 00:40:18','2019-04-13 00:40:18'),(10,149,'2019-04-13 00:46:37','2019-04-13 00:46:37'),(14,119,'2019-04-13 00:48:15','2019-04-13 00:48:15'),(12,149,'2019-04-13 02:40:33','2019-04-13 02:40:33'),(14,149,'2019-04-13 03:07:25','2019-04-13 03:07:25'),(10,120,'2019-04-13 09:41:44','2019-04-13 09:41:44'),(4,120,'2019-04-13 10:09:21','2019-04-13 10:09:21'),(2,136,'2019-04-13 22:17:50','2019-04-13 22:17:50'),(15,136,'2019-04-13 22:43:44','2019-04-13 22:43:44'),(4,136,'2019-04-13 22:59:58','2019-04-13 22:59:58'),(1,151,'2019-04-15 12:09:49','2019-04-15 12:09:49'),(3,133,'2019-04-16 00:30:57','2019-04-16 00:30:57'),(14,133,'2019-04-16 01:24:03','2019-04-16 01:24:03'),(1,152,'2019-05-02 17:17:17','2019-05-02 17:17:17'),(1,139,'2019-05-02 17:28:31','2019-05-02 17:28:31'),(2,139,'2019-05-02 17:35:18','2019-05-02 17:35:18'),(1,153,'2019-06-21 08:54:56','2019-06-21 08:54:56'),(2,153,'2019-06-21 08:55:46','2019-06-21 08:55:46'),(9,133,'2019-06-27 12:34:14','2019-06-27 12:34:14'),(5,133,'2019-06-27 13:02:05','2019-06-27 13:02:05'),(6,133,'2019-06-27 14:34:28','2019-06-27 14:34:28');
/*!40000 ALTER TABLE `completeds` ENABLE KEYS */;
UNLOCK TABLES;

--
-- Table structure for table `contests`
--

DROP TABLE IF EXISTS `contests`;
/*!40101 SET @saved_cs_client     = @@character_set_client */;
/*!40101 SET character_set_client = utf8 */;
CREATE TABLE `contests` (
  `id` int(10) unsigned NOT NULL AUTO_INCREMENT,
  `name` varchar(191) COLLATE utf8mb4_unicode_ci NOT NULL,
  `starts_at` datetime NOT NULL,
  `ends_at` datetime NOT NULL,
  `image_path` varchar(191) COLLATE utf8mb4_unicode_ci NOT NULL DEFAULT '/images/contest/default.png',
  `created_at` timestamp NULL DEFAULT NULL,
  `updated_at` timestamp NULL DEFAULT NULL,
  PRIMARY KEY (`id`)
) ENGINE=InnoDB AUTO_INCREMENT=4 DEFAULT CHARSET=utf8mb4 COLLATE=utf8mb4_unicode_ci;
/*!40101 SET character_set_client = @saved_cs_client */;

--
-- Dumping data for table `contests`
--

LOCK TABLES `contests` WRITE;
/*!40000 ALTER TABLE `contests` DISABLE KEYS */;
INSERT INTO `contests` VALUES (1,'Quadrathlon 2017','2017-05-28 14:15:00','2018-05-13 19:00:00','/images/contest/quadrathlon.png','2017-05-27 17:52:31','2017-05-27 17:52:31'),(2,'TCyber I','2017-12-20 09:00:00','2018-02-04 23:59:00','/images/contest/default.png','2017-12-07 11:19:04','2017-12-07 11:19:04'),(3,'TCyber 2019 1','2019-04-05 19:00:00','2019-04-07 19:00:00','/images/contest/default.png','2019-04-05 09:12:04','2019-04-05 09:12:04');
/*!40000 ALTER TABLE `contests` ENABLE KEYS */;
UNLOCK TABLES;

--
-- Table structure for table `likes`
--

DROP TABLE IF EXISTS `likes`;
/*!40101 SET @saved_cs_client     = @@character_set_client */;
/*!40101 SET character_set_client = utf8 */;
CREATE TABLE `likes` (
  `id` int(10) unsigned NOT NULL AUTO_INCREMENT,
  `user_id` int(11) NOT NULL,
  `writeup_id` int(11) NOT NULL,
  `created_at` timestamp NULL DEFAULT NULL,
  `updated_at` timestamp NULL DEFAULT NULL,
  PRIMARY KEY (`id`)
) ENGINE=InnoDB AUTO_INCREMENT=4 DEFAULT CHARSET=utf8mb4 COLLATE=utf8mb4_unicode_ci;
/*!40101 SET character_set_client = @saved_cs_client */;

--
-- Dumping data for table `likes`
--

LOCK TABLES `likes` WRITE;
/*!40000 ALTER TABLE `likes` DISABLE KEYS */;
INSERT INTO `likes` VALUES (1,11,4,'2018-03-18 10:16:51','2018-03-18 10:16:51'),(2,101,7,'2018-03-22 16:47:56','2018-03-22 16:47:56'),(3,1,7,'2019-05-19 12:13:24','2019-05-19 12:13:24');
/*!40000 ALTER TABLE `likes` ENABLE KEYS */;
UNLOCK TABLES;

--
-- Table structure for table `migrations`
--

DROP TABLE IF EXISTS `migrations`;
/*!40101 SET @saved_cs_client     = @@character_set_client */;
/*!40101 SET character_set_client = utf8 */;
CREATE TABLE `migrations` (
  `id` int(10) unsigned NOT NULL AUTO_INCREMENT,
  `migration` varchar(191) COLLATE utf8mb4_unicode_ci NOT NULL,
  `batch` int(11) NOT NULL,
  PRIMARY KEY (`id`)
) ENGINE=InnoDB AUTO_INCREMENT=115 DEFAULT CHARSET=utf8mb4 COLLATE=utf8mb4_unicode_ci;
/*!40101 SET character_set_client = @saved_cs_client */;

--
-- Dumping data for table `migrations`
--

LOCK TABLES `migrations` WRITE;
/*!40000 ALTER TABLE `migrations` DISABLE KEYS */;
INSERT INTO `migrations` VALUES (96,'2014_10_12_000000_create_users_table',1),(97,'2014_10_12_100000_create_password_resets_table',1),(98,'2017_02_09_085359_create_challs_table',1),(99,'2017_02_28_221136_create_attachments_table',1),(100,'2017_02_28_225723_create_completeds_table',1),(101,'2017_03_05_093702_create_news_table',1),(102,'2017_03_18_023907_create_writeups_table',1),(103,'2017_03_21_023043_create_categories_table',1),(104,'2017_03_21_025146_change_type_category',1),(105,'2017_03_26_203159_create_comments_table',1),(106,'2017_05_22_143015_create_contests_table',1),(107,'2017_05_22_143252_add_contest',1),(108,'2017_05_24_120732_create_teams_table',1),(109,'2017_05_24_121742_create_team_contests_table',1),(110,'2017_05_24_122208_create_team_users_table',1),(111,'2017_05_25_010657_create_team_completeds_table',1),(112,'2017_06_09_132415_add_profpic',1),(113,'2017_06_22_163402_add_ktm',1),(114,'2018_01_04_105807_create_likes_table',1);
/*!40000 ALTER TABLE `migrations` ENABLE KEYS */;
UNLOCK TABLES;

--
-- Table structure for table `news`
--

DROP TABLE IF EXISTS `news`;
/*!40101 SET @saved_cs_client     = @@character_set_client */;
/*!40101 SET character_set_client = utf8 */;
CREATE TABLE `news` (
  `id` int(10) unsigned NOT NULL AUTO_INCREMENT,
  `title` varchar(191) COLLATE utf8mb4_unicode_ci NOT NULL,
  `poster` varchar(191) COLLATE utf8mb4_unicode_ci NOT NULL,
  `content` text COLLATE utf8mb4_unicode_ci NOT NULL,
  `created_at` timestamp NULL DEFAULT NULL,
  `updated_at` timestamp NULL DEFAULT NULL,
  PRIMARY KEY (`id`)
) ENGINE=InnoDB AUTO_INCREMENT=5 DEFAULT CHARSET=utf8mb4 COLLATE=utf8mb4_unicode_ci;
/*!40101 SET character_set_client = @saved_cs_client */;

--
-- Dumping data for table `news`
--

LOCK TABLES `news` WRITE;
/*!40000 ALTER TABLE `news` DISABLE KEYS */;
INSERT INTO `news` VALUES (1,'Welcome to BrainHack News','BrainHack Admin','Hari ini kami menyediakan section khusus untuk berita. Agar kedepannya, kami dapat lebih terhubung pada anda, para noobies. Selamat belajar. Gemastik sudah dekat :D','2017-03-05 08:33:23','2017-03-05 08:33:23'),(2,'Halaman User','BrainHack Admin','Hola hola! Dengan senang hati hari ini kami kembali menghadirkan update pada BrainHack CTF. Kini kamu dapat melihat progress pengerjaan challenges setiap noobies. Jangan lupa yang udah jago bagi-bagi ilmunya ya kalo ditanya temennya, hehe. Tetap semangat! BTW jika ada yang akan menyumbangkan soal silahkan email ke admin ya. Tentunya nanti akan kami kasih credit di soalnya. Email admin tertera di bawah laman. Tetap semangat!','2017-03-07 04:34:22','2017-03-07 04:34:22'),(3,'Terima Kasih','BrainHack Admin','Terima kasih pada teman-teman yg telah mengisi feedback. Beberapa diantaranya sudah kami terapkan di BrainHack. Diantaranya remake halaman challenge. Dan juga adanya halaman writeup. Soal-soal baru juga akan menyusul. Happy CTFing !','2017-04-03 03:03:32','2017-04-03 03:03:32'),(4,'Email Subscription','BrainHack Admin','<p>Untuk semua noobies, silahkan cek email untuk konfirmasi mengenai email subscription. Terimakasih!</p>','2017-06-30 08:00:13','2017-06-30 08:00:13');
/*!40000 ALTER TABLE `news` ENABLE KEYS */;
UNLOCK TABLES;

--
-- Table structure for table `password_resets`
--

DROP TABLE IF EXISTS `password_resets`;
/*!40101 SET @saved_cs_client     = @@character_set_client */;
/*!40101 SET character_set_client = utf8 */;
CREATE TABLE `password_resets` (
  `email` varchar(191) COLLATE utf8mb4_unicode_ci NOT NULL,
  `token` varchar(191) COLLATE utf8mb4_unicode_ci NOT NULL,
  `created_at` timestamp NULL DEFAULT NULL,
  KEY `password_resets_email_index` (`email`),
  KEY `password_resets_token_index` (`token`)
) ENGINE=InnoDB DEFAULT CHARSET=utf8mb4 COLLATE=utf8mb4_unicode_ci;
/*!40101 SET character_set_client = @saved_cs_client */;

--
-- Dumping data for table `password_resets`
--

LOCK TABLES `password_resets` WRITE;
/*!40000 ALTER TABLE `password_resets` DISABLE KEYS */;
/*!40000 ALTER TABLE `password_resets` ENABLE KEYS */;
UNLOCK TABLES;

--
-- Table structure for table `team_completeds`
--

DROP TABLE IF EXISTS `team_completeds`;
/*!40101 SET @saved_cs_client     = @@character_set_client */;
/*!40101 SET character_set_client = utf8 */;
CREATE TABLE `team_completeds` (
  `team_id` int(11) NOT NULL,
  `challs_id` int(11) NOT NULL,
  `created_at` timestamp NULL DEFAULT NULL,
  `updated_at` timestamp NULL DEFAULT NULL
) ENGINE=InnoDB DEFAULT CHARSET=utf8mb4 COLLATE=utf8mb4_unicode_ci;
/*!40101 SET character_set_client = @saved_cs_client */;

--
-- Dumping data for table `team_completeds`
--

LOCK TABLES `team_completeds` WRITE;
/*!40000 ALTER TABLE `team_completeds` DISABLE KEYS */;
INSERT INTO `team_completeds` VALUES (4,17,'2017-05-28 14:15:17','2017-05-28 14:15:17'),(3,17,'2017-05-28 14:15:28','2017-05-28 14:15:28'),(5,17,'2017-05-28 14:15:33','2017-05-28 14:15:33'),(6,17,'2017-05-28 14:15:49','2017-05-28 14:15:49'),(3,21,'2017-05-28 14:16:24','2017-05-28 14:16:24'),(4,30,'2017-05-28 14:16:32','2017-05-28 14:16:32'),(8,17,'2017-05-28 14:17:22','2017-05-28 14:17:22'),(5,23,'2017-05-28 14:17:47','2017-05-28 14:17:47'),(7,17,'2017-05-28 14:18:01','2017-05-28 14:18:01'),(7,21,'2017-05-28 14:19:50','2017-05-28 14:19:50'),(4,26,'2017-05-28 14:22:50','2017-05-28 14:22:50'),(3,30,'2017-05-28 14:23:31','2017-05-28 14:23:31'),(4,22,'2017-05-28 14:25:28','2017-05-28 14:25:28'),(7,20,'2017-05-28 14:26:21','2017-05-28 14:26:21'),(4,23,'2017-05-28 14:26:51','2017-05-28 14:26:51'),(8,19,'2017-05-28 14:27:13','2017-05-28 14:27:13'),(8,21,'2017-05-28 14:27:46','2017-05-28 14:27:46'),(8,20,'2017-05-28 14:30:12','2017-05-28 14:30:12'),(3,23,'2017-05-28 14:31:00','2017-05-28 14:31:00'),(6,21,'2017-05-28 14:32:38','2017-05-28 14:32:38'),(3,22,'2017-05-28 14:34:52','2017-05-28 14:34:52'),(4,32,'2017-05-28 14:35:43','2017-05-28 14:35:43'),(7,23,'2017-05-28 14:38:02','2017-05-28 14:38:02'),(5,21,'2017-05-28 14:38:12','2017-05-28 14:38:12'),(3,32,'2017-05-28 14:39:43','2017-05-28 14:39:43'),(3,18,'2017-05-28 14:40:39','2017-05-28 14:40:39'),(8,30,'2017-05-28 14:40:55','2017-05-28 14:40:55'),(7,22,'2017-05-28 14:41:17','2017-05-28 14:41:17'),(3,27,'2017-05-28 14:41:45','2017-05-28 14:41:45'),(5,19,'2017-05-28 14:42:21','2017-05-28 14:42:21'),(8,32,'2017-05-28 14:43:47','2017-05-28 14:43:47'),(8,23,'2017-05-28 14:47:04','2017-05-28 14:47:04'),(6,26,'2017-05-28 14:47:17','2017-05-28 14:47:17'),(7,26,'2017-05-28 14:50:18','2017-05-28 14:50:18'),(3,26,'2017-05-28 14:56:12','2017-05-28 14:56:12'),(3,34,'2017-05-28 15:00:04','2017-05-28 15:00:04'),(3,20,'2017-05-28 15:02:24','2017-05-28 15:02:24'),(4,27,'2017-05-28 15:07:43','2017-05-28 15:07:43'),(7,34,'2017-05-28 15:12:37','2017-05-28 15:12:37'),(6,23,'2017-05-28 15:15:47','2017-05-28 15:15:47'),(6,19,'2017-05-28 15:25:09','2017-05-28 15:25:09'),(8,18,'2017-05-28 15:29:54','2017-05-28 15:29:54'),(3,19,'2017-05-28 15:30:37','2017-05-28 15:30:37'),(4,21,'2017-05-28 15:31:22','2017-05-28 15:31:22'),(4,19,'2017-05-28 15:33:27','2017-05-28 15:33:27'),(3,31,'2017-05-28 15:37:43','2017-05-28 15:37:43'),(4,20,'2017-05-28 15:39:37','2017-05-28 15:39:37'),(5,26,'2017-05-28 15:46:20','2017-05-28 15:46:20'),(4,18,'2017-05-28 15:47:55','2017-05-28 15:47:55'),(7,32,'2017-05-28 15:57:54','2017-05-28 15:57:54'),(8,26,'2017-05-28 16:01:12','2017-05-28 16:01:12'),(5,20,'2017-05-28 16:21:16','2017-05-28 16:21:16'),(3,37,'2017-05-28 16:38:26','2017-05-28 16:38:26'),(6,20,'2017-05-28 16:48:24','2017-05-28 16:48:24'),(3,29,'2017-05-28 16:49:36','2017-05-28 16:49:36'),(5,30,'2017-05-28 17:03:13','2017-05-28 17:03:13'),(9,43,'2017-12-25 05:22:09','2017-12-25 05:22:09'),(9,42,'2017-12-25 05:25:47','2017-12-25 05:25:47'),(9,41,'2017-12-25 06:05:16','2017-12-25 06:05:16'),(11,44,'2018-05-10 00:17:13','2018-05-10 00:17:13'),(5,18,'2018-05-12 22:38:10','2018-05-12 22:38:10'),(15,17,'2018-05-12 22:50:03','2018-05-12 22:50:03'),(15,30,'2018-05-12 22:52:48','2018-05-12 22:52:48'),(15,23,'2018-05-12 23:07:39','2018-05-12 23:07:39'),(15,22,'2018-05-12 23:11:51','2018-05-12 23:11:51'),(15,32,'2018-05-12 23:20:28','2018-05-12 23:20:28'),(19,45,'2019-04-06 13:21:02','2019-04-06 13:21:02'),(19,44,'2019-04-06 13:22:23','2019-04-06 13:22:23'),(19,46,'2019-04-06 13:25:57','2019-04-06 13:25:57'),(18,46,'2019-04-06 13:59:08','2019-04-06 13:59:08'),(18,45,'2019-04-06 13:59:13','2019-04-06 13:59:13'),(18,44,'2019-04-06 14:00:26','2019-04-06 14:00:26'),(21,44,'2019-04-06 15:48:43','2019-04-06 15:48:43'),(21,45,'2019-04-06 15:56:31','2019-04-06 15:56:31'),(20,45,'2019-04-06 16:00:05','2019-04-06 16:00:05'),(20,44,'2019-04-06 16:01:39','2019-04-06 16:01:39');
/*!40000 ALTER TABLE `team_completeds` ENABLE KEYS */;
UNLOCK TABLES;

--
-- Table structure for table `team_contests`
--

DROP TABLE IF EXISTS `team_contests`;
/*!40101 SET @saved_cs_client     = @@character_set_client */;
/*!40101 SET character_set_client = utf8 */;
CREATE TABLE `team_contests` (
  `id` int(10) unsigned NOT NULL AUTO_INCREMENT,
  `team_id` int(11) NOT NULL,
  `contest_id` int(11) NOT NULL,
  `score` int(11) NOT NULL,
  `created_at` timestamp NULL DEFAULT NULL,
  `updated_at` timestamp NULL DEFAULT NULL,
  PRIMARY KEY (`id`)
) ENGINE=InnoDB AUTO_INCREMENT=26 DEFAULT CHARSET=utf8mb4 COLLATE=utf8mb4_unicode_ci;
/*!40101 SET character_set_client = @saved_cs_client */;

--
-- Dumping data for table `team_contests`
--

LOCK TABLES `team_contests` WRITE;
/*!40000 ALTER TABLE `team_contests` DISABLE KEYS */;
INSERT INTO `team_contests` VALUES (3,2,1,0,'2017-05-28 09:51:21','2017-05-28 09:51:21'),(4,4,1,752,'2017-05-28 14:15:04','2018-05-12 08:37:56'),(5,3,1,791,'2017-05-28 14:15:16','2017-05-28 16:49:36'),(6,5,1,191,'2017-05-28 14:15:23','2018-05-12 22:38:10'),(7,6,1,106,'2017-05-28 14:15:29','2017-05-28 16:48:24'),(8,8,1,266,'2017-05-28 14:16:32','2017-05-28 16:01:12'),(9,7,1,321,'2017-05-28 14:17:50','2017-05-28 15:57:54'),(10,9,2,190,'2017-12-20 02:48:52','2017-12-25 06:05:16'),(11,2,2,0,'2017-12-21 02:07:24','2017-12-21 02:07:24'),(12,10,2,0,'2017-12-23 08:20:44','2017-12-23 08:20:44'),(13,11,3,10,'2018-05-10 00:17:06','2018-05-10 00:17:13'),(15,11,1,11,'2018-05-11 20:44:50','2018-05-12 19:11:14'),(16,13,1,25,'2018-05-12 10:27:27','2018-05-12 10:28:10'),(18,15,1,226,'2018-05-12 22:49:55','2018-05-12 23:20:28'),(19,16,1,0,'2018-05-13 18:31:21','2018-05-13 18:31:21'),(20,17,3,0,'2019-04-05 17:01:45','2019-04-05 17:01:45'),(21,2,3,0,'2019-04-05 17:02:29','2019-04-05 17:02:29'),(22,18,3,90,'2019-04-05 22:20:20','2019-04-06 14:00:26'),(23,19,3,90,'2019-04-06 13:17:02','2019-04-06 13:25:57'),(24,20,3,40,'2019-04-06 14:49:44','2019-04-06 16:01:39'),(25,21,3,40,'2019-04-06 15:38:09','2019-04-06 15:56:31');
/*!40000 ALTER TABLE `team_contests` ENABLE KEYS */;
UNLOCK TABLES;

--
-- Table structure for table `team_users`
--

DROP TABLE IF EXISTS `team_users`;
/*!40101 SET @saved_cs_client     = @@character_set_client */;
/*!40101 SET character_set_client = utf8 */;
CREATE TABLE `team_users` (
  `id` int(10) unsigned NOT NULL AUTO_INCREMENT,
  `team_id` int(11) NOT NULL,
  `user_id` int(11) NOT NULL,
  `created_at` timestamp NULL DEFAULT NULL,
  `updated_at` timestamp NULL DEFAULT NULL,
  PRIMARY KEY (`id`)
) ENGINE=InnoDB AUTO_INCREMENT=36 DEFAULT CHARSET=utf8mb4 COLLATE=utf8mb4_unicode_ci;
/*!40101 SET character_set_client = @saved_cs_client */;

--
-- Dumping data for table `team_users`
--

LOCK TABLES `team_users` WRITE;
/*!40000 ALTER TABLE `team_users` DISABLE KEYS */;
INSERT INTO `team_users` VALUES (2,2,1,'2017-05-28 09:50:13','2017-05-28 09:50:13'),(3,3,7,'2017-05-28 13:34:36','2017-05-28 13:34:36'),(4,3,26,'2017-05-28 13:41:01','2017-05-28 13:41:01'),(5,4,55,'2017-05-28 14:01:03','2017-05-28 14:01:03'),(6,4,11,'2017-05-28 14:03:09','2017-05-28 14:03:09'),(7,4,66,'2017-05-28 14:04:28','2017-05-28 14:04:28'),(8,5,65,'2017-05-28 14:04:50','2017-05-28 14:04:50'),(9,5,25,'2017-05-28 14:05:12','2017-05-28 14:05:12'),(10,3,9,'2017-05-28 14:07:17','2017-05-28 14:07:17'),(11,6,39,'2017-05-28 14:10:00','2017-05-28 14:10:00'),(12,7,5,'2017-05-28 14:15:44','2017-05-28 14:15:44'),(13,8,68,'2017-05-28 14:16:03','2017-05-28 14:16:03'),(14,8,67,'2017-05-28 14:16:19','2017-05-28 14:16:19'),(15,7,53,'2017-05-28 14:18:36','2017-05-28 14:18:36'),(16,8,57,'2017-05-28 14:19:55','2017-05-28 14:19:55'),(17,7,69,'2017-05-28 14:20:08','2017-05-28 14:20:08'),(18,5,70,'2017-05-28 15:26:14','2017-05-28 15:26:14'),(19,9,83,NULL,NULL),(20,9,84,NULL,NULL),(21,10,94,NULL,NULL),(22,9,99,NULL,NULL),(23,11,112,NULL,NULL),(25,13,85,NULL,NULL),(27,15,88,NULL,NULL),(28,16,97,NULL,NULL),(29,17,115,NULL,NULL),(30,18,117,NULL,NULL),(31,19,118,NULL,NULL),(32,20,133,NULL,NULL),(33,20,124,NULL,NULL),(34,20,142,NULL,NULL),(35,21,127,NULL,NULL);
/*!40000 ALTER TABLE `team_users` ENABLE KEYS */;
UNLOCK TABLES;

--
-- Table structure for table `teams`
--

DROP TABLE IF EXISTS `teams`;
/*!40101 SET @saved_cs_client     = @@character_set_client */;
/*!40101 SET character_set_client = utf8 */;
CREATE TABLE `teams` (
  `id` int(10) unsigned NOT NULL AUTO_INCREMENT,
  `name` varchar(191) COLLATE utf8mb4_unicode_ci NOT NULL,
  `user_id` int(11) NOT NULL,
  `token` varchar(191) COLLATE utf8mb4_unicode_ci NOT NULL,
  `created_at` timestamp NULL DEFAULT NULL,
  `updated_at` timestamp NULL DEFAULT NULL,
  PRIMARY KEY (`id`)
) ENGINE=InnoDB AUTO_INCREMENT=22 DEFAULT CHARSET=utf8mb4 COLLATE=utf8mb4_unicode_ci;
/*!40101 SET character_set_client = @saved_cs_client */;

--
-- Dumping data for table `teams`
--

LOCK TABLES `teams` WRITE;
/*!40000 ALTER TABLE `teams` DISABLE KEYS */;
INSERT INTO `teams` VALUES (2,'admin',1,'admin-7MjTEU','2017-05-28 09:50:13','2017-05-28 09:50:13'),(3,'SquidwardDanKetenangan',7,'SquidwardDanKetenangan-ilg6O7','2017-05-28 13:34:36','2017-05-28 13:34:36'),(4,'Namine Team',55,'Namine Team-twtm8p','2017-05-28 14:01:03','2017-05-28 14:01:03'),(5,'STManis',65,'STManis-uQC751','2017-05-28 14:04:50','2017-05-28 14:04:50'),(6,'PastiKalah',39,'PastiKalah-b6rlio','2017-05-28 14:10:00','2017-05-28 14:10:00'),(7,'N00Bzzz',5,'N00Bzzz-2YvjdD','2017-05-28 14:15:44','2017-05-28 14:15:44'),(8,'Hehe',68,'Hehe-NqQLSL','2017-05-28 14:16:03','2017-05-28 14:16:03'),(9,'friTCianflag',83,'friTCianflag-zKhLvg','2017-12-07 11:29:43','2017-12-07 11:29:43'),(10,'newbie',94,'newbie-oD7PQe','2017-12-08 13:49:16','2017-12-08 13:49:16'),(11,'asdasd',112,'asdasd-23UMJE','2018-05-10 00:17:02','2018-05-10 00:17:02'),(13,'nub',85,'nub-YVBvYD','2018-05-12 10:27:20','2018-05-12 10:27:20'),(15,'bukantim',88,'bukantim-xMdqdD','2018-05-12 22:49:49','2018-05-12 22:49:49'),(16,'ZLG',97,'ZLG-so6lQC','2018-05-13 18:31:12','2018-05-13 18:31:12'),(17,'alone',115,'alone-NjS9Go','2019-04-05 09:54:52','2019-04-05 09:54:52'),(18,'kerupuksambel',117,'kerupuksambel-xBBqe5','2019-04-05 22:20:15','2019-04-05 22:20:15'),(19,'Wolfrevo',118,'Wolfrevo-jXFSz1','2019-04-06 13:16:58','2019-04-06 13:16:58'),(20,'PressFForRapuyy',133,'PressFForRapuyy-HH9MBp','2019-04-06 13:55:21','2019-04-06 13:55:21'),(21,'Almond',127,'Almond-7Xf0TP','2019-04-06 15:38:04','2019-04-06 15:38:04');
/*!40000 ALTER TABLE `teams` ENABLE KEYS */;
UNLOCK TABLES;

--
-- Table structure for table `users`
--

DROP TABLE IF EXISTS `users`;
/*!40101 SET @saved_cs_client     = @@character_set_client */;
/*!40101 SET character_set_client = utf8 */;
CREATE TABLE `users` (
  `id` int(10) unsigned NOT NULL AUTO_INCREMENT,
  `nrp` varchar(14) COLLATE utf8mb4_unicode_ci NOT NULL,
  `email` varchar(191) COLLATE utf8mb4_unicode_ci NOT NULL,
  `username` varchar(191) COLLATE utf8mb4_unicode_ci NOT NULL,
  `password` varchar(191) COLLATE utf8mb4_unicode_ci NOT NULL,
  `score` int(11) NOT NULL DEFAULT '0',
  `status` int(11) NOT NULL DEFAULT '0',
  `permission` tinyint(1) NOT NULL DEFAULT '0',
  `remember_token` varchar(100) COLLATE utf8mb4_unicode_ci DEFAULT NULL,
  `created_at` timestamp NULL DEFAULT NULL,
  `updated_at` timestamp NULL DEFAULT NULL,
  `profpic` varchar(191) COLLATE utf8mb4_unicode_ci NOT NULL DEFAULT 'default.png',
  `ktm` varchar(191) COLLATE utf8mb4_unicode_ci NOT NULL DEFAULT 'none',
  `subscription` int(11) NOT NULL DEFAULT '1',
  `user_token` varchar(191) COLLATE utf8mb4_unicode_ci NOT NULL,
  PRIMARY KEY (`id`),
  UNIQUE KEY `users_nrp_unique` (`nrp`),
  UNIQUE KEY `users_email_unique` (`email`),
  UNIQUE KEY `users_username_unique` (`username`)
) ENGINE=InnoDB AUTO_INCREMENT=154 DEFAULT CHARSET=utf8mb4 COLLATE=utf8mb4_unicode_ci;
/*!40101 SET character_set_client = @saved_cs_client */;

--
-- Dumping data for table `users`
--

LOCK TABLES `users` WRITE;
/*!40000 ALTER TABLE `users` DISABLE KEYS */;
INSERT INTO `users` VALUES (1,'9999999999','a@a.com','adm','$2y$10$CrJf8VAiuhLlfk.9czSpBetAmNKkUYFvme539vMNUHSU40YBIdu6W',247,0,1,'OEV8u8jN47f3OVDH0qUBy5gr64wu8SKY26DFL7CT7m12KLubD9ONCjt5E9Iq','2017-03-01 00:00:03','2019-04-05 02:12:57','default.png','none',1,'OTk5OTk5OTk5OW1DTjdoaUxTQXhjd2JwakRPNDRG'),(4,'5113100110','adiwicaksana29@gmail.com','grecot','$2y$10$yRR4vuuHwjx5YxN6IhfpZOlg8KhNcoZw5TfB4kAjTjFuUT7urhOv6',1,0,0,'8gU4FOOZ6Le3eefhwmKft7hSMxMZwJ9A2IrsSnN1wIuCSjZuo4CR2yuMQ8iH','2017-03-04 01:15:19','2017-07-18 08:39:01','default.png','5113100110.jpg',0,'NTExMzEwMDExMDZwTmwzNmhDYmpiMG41bW1CTnZx'),(5,'5116100056','aguelsatria@yahoo.co.id','5116100056','$2y$10$2Yw/K5Envz3mGC33bBSzFONl4n3kFuAcvWdjHh0lvNdRj/XWtr5eO',401,0,0,'LR3doUAmaQZBdqzAORCCFQYtjC4ZC44mrCSu4dZBhl9f0jHDA38XJOJTtXPM','2017-03-04 01:15:52','2017-06-24 12:20:00','default.png','5116100056.JPG',1,'NTExNjEwMDA1NlVOQVZ2NXhnNTdNVUhIZUVuMGRJ'),(7,'5115100168','rogojagadalit@gmail.com','blackjag','$2y$10$VLMXzJ22rXVY.61AAmzZLeR4WCG72wep74uAD2bvIoEE.qe3qMxV.',876,0,0,'805bbZ9hhOa29ea4hft8NJVKIwHYEEEpklpXz3WpAkvhklJJp1QO7wGs1XTD','2017-03-04 01:26:58','2017-06-24 12:20:00','default.png','5115100168.jpg',1,'NTExNTEwMDE2OGZaNmJpcmRuY2hoekh3ZDRpamxn'),(9,'5115100055','fenezemageraint@gmail.com','fene','$2y$10$Qnxn4nlji8E702y9oO9NoOsdfwlkX2TO6yOtu..TqO6bd3cuTHexy',776,0,0,'ingqTHHTInGHTW2gZHTfLF1FmXFroDrHjru6DW9SLslvcOpeiudITRZ2FLOZ','2017-03-04 02:59:38','2017-06-24 12:20:00','default.png','5115100055.jpg',1,'NTExNTEwMDA1NWxMVmpPcFlDT082c2V2VXRCM3Z0'),(10,'5115100119','cp.hikmawan@gmail.com','yoona','$2y$10$kV7kPV5I0slhKdgppJDKUOioVI7QFHa4sKe4lTrOg2ax7yUXnngF2',1,0,0,NULL,'2017-03-04 03:08:53','2017-06-24 12:20:00','default.png','5115100119.jpg',1,'NTExNTEwMDExOVhQQXFDd3E2TXVWTFlJZjYwa0Zr'),(11,'5116100120','faizal.muzakki@rocketmail.com','rosemeup','$2y$10$PH34TWmjlOrzI/Ekxzclpuuj2F6ljiXWUsS1oUxwvoSopM4Adf8mO',476,0,0,'dwGQY757Vch7DClIMWa80KNQT1QrDbnSiFbOa6vbr07v4ayGULh3ZyDB6fjU','2017-03-04 03:16:24','2018-03-18 11:22:05','default.png','5116100120.jpg',1,'NTExNjEwMDEyMFpZRFB4RTlxNFhUdGVuZDlqYkZ1'),(13,'5114100173','kebobunting2@gmail.com','n0sk1ll','$2y$10$iVQUDkAcmjFnFuZJwRFtbOWINn94.DlL.Je/3NTjivD3QtI0vfj8a',601,0,0,'CzyiJmWfz8azidTIk5HV3nkxSpQRxIPaVNJ8S3kLE90N54TpSafQoPLE0duh','2017-03-04 04:42:26','2017-06-24 12:20:00','default.png','5114100173.jpg',1,'NTExNDEwMDE3M0tZN2dWc2F4aGRSbEhXZWxwc0dz'),(14,'5113100150','ibnu.dev@gmail.com','tes0','$2y$10$wfK7ilZdA/3gfk0C1N0eGOo/4svhifJw69JoQ3OoD1ZyBfgAQtrra',51,0,0,'ndHiwdyQCajWhbSUtMawB555clYuP8mfSTunWSMdZt6p3TRFqaPooxXxcsHU','2017-03-04 07:43:13','2017-06-24 12:20:00','default.png','5113100150.jpg',1,'NTExMzEwMDE1MHlrU1hmQlJ5ak9wRERwMElUWDA1'),(15,'5115100143','adhityairvan@yahoo.com','nightknight','$2y$10$tTM53XXEtofj.FeSymqEFepo9b4csOJjGay7gIsAIm5wWsGnmc.yu',51,0,0,'0LwUIAkhDJEZSaIbYZUqoGmqCWaj7HvVy9lGeUIN4ceY7v3fLgKwNaJHdZkl','2017-03-04 10:52:08','2017-06-24 12:20:00','default.png','5115100143.jpg',1,'NTExNTEwMDE0M3ZhOVpqZFRNQUlNQXczcGVER2Zo'),(16,'5115100006','hero.lionel@gmail.com','idontloveu','$2y$10$vNnSK1i19nKSP2MUmOmUaOK37YFSuO1pMkPTJOTjMDaIio9Qsg9NW',76,0,0,'cJGXOXEagDUXF0cKslXUbcLBnLeJWyw42tCo0nvoVrErz6kxumD9Y3bjkP33','2017-03-04 14:20:08','2017-06-26 13:26:17','default.png','5115100006.jpg',0,'NTExNTEwMDAwNlJIYzgxbmJOWHRYODhGNzlMczZv'),(17,'5115100109','rezkyal2@gmail.com','boom','$2y$10$Z/3rys0pdrg8bRXNhSKFZO0Gho.oQxpcDMgWIdHpaZTc6xmgsF1yy',51,0,0,'l8fy7uhriWHXnyfCMREQqgu62wcmR9VWhuPVvQ2aN5O47bQhI77D3GC9wq29','2017-03-05 06:26:50','2017-06-24 12:20:00','default.png','5115100109.jpg',1,'NTExNTEwMDEwOWNmZFgxMVFYenI2aHhaQkhNQTI1'),(18,'5114100109','nafiar21@gmail.com','nafiarr','$2y$10$lrZQA.DhgPDqZ1VpBtp2m.N29E0777vT0AnfC2SYyJT7W0UiduBAO',576,0,0,NULL,'2017-03-05 08:48:24','2018-02-17 16:29:36','default.png','5114100109.jpg',1,'VnNOYnNTR1dhMG1RTUpHWVdLc2Y='),(20,'5114100080','wildanlsfs@gmail.com','Bluecrow','$2y$10$vgqaggMrEj3TAUbo1PDFt.153IPSZN.DrQEnMF2paWMH.Lki12MTS',0,0,0,'nPdnP3uAVBEA3ALdQE0Dj9AZnYaP48gRaGRu9Hg2lcO54vKLiL1CJ1UJc4SY','2017-03-06 04:16:56','2017-06-24 12:20:00','default.png','5114100067.PNG',1,'NTExNDEwMDA4MFVYbnp1RmZneXhpamlGMkUwdGNN'),(21,'5115100027','faturrahmanmakruf@gmail.com','pedro','$2y$10$K12Es8gDG15tEsGqV7n/Q.9eB03AEA5rWLSlGXtY0GJwTX6xrgE3a',901,0,0,'40BAmGkzfdVeUhCE9HI4fgqojzRiCXshu3Pi26ajiFWG9YRlrmdthCOb4ADO','2017-03-06 05:08:11','2017-06-24 12:20:00','default.png','5115100027.jpg',1,'NTExNTEwMDAyNzlpbXc2NXZJZGc3OU5Jd01xbXBs'),(22,'5113100106','johnstephanus@ymail.com','hajarbleh','$2y$10$zTwqoxOAdqkG8.WhKHN6ce4EUcO6DOLZVNdCZq7BBHIRavOROXYji',26,0,0,'hELraCr1jJDVvYGVKFntFWcvbgRUd2RTa3TpbKO3RThhw2RKfQsOwgYQrX4N','2017-03-06 07:14:35','2017-06-24 12:20:00','default.png','5113100106.jpg',1,'NTExMzEwMDEwNlhidllFbzRPWWpRUkFJM3lvSHk0'),(23,'5116100138','ayasfn@gmail.com','droppledev','$2y$10$UO10YAbjVBKaEe5p055V3ukg6KcbcKCOrQ475IRN7L9N6JZg.D6re',76,0,0,'RXWxCCwB5f3s60ab4BJQ38YcP4sGdLR1l9jp4TKm4ti0NvuJDUDvmUcNH96c','2017-03-06 07:28:33','2017-06-24 12:20:00','default.png','5116100138.jpg',1,'NTExNjEwMDEzODF0aVhSaFNFU2tuY0tjNVFJTnVr'),(24,'5115100046','dro.dumbell@gmail.com','hackazer','$2y$10$N98Tp0QjEC0QOrEr4jakXuUtMvmghrW/lwlA7mS7b21Z1rdwlU..S',626,0,0,'8JD6lLglGtqugIQJ2pdFQXxEBBnFNzFj4zZfWFN3MAHP0v71DfV5tWhj6djS','2017-03-06 11:00:36','2017-06-24 12:20:00','default.png','5115100046.png',1,'NTExNTEwMDA0NjJJMExzajVRa0VKcU5Fck9zQWRN'),(25,'5116100064','vinsensius.indra16@mhs.if.its.ac.id','kudaterbang','$2y$10$7Ut8oainno4QOYdvKBQyv.KBlTNthqMtBr9cGtkAExY7h2T2tk2i6',476,0,0,'jNYeUXuaXoc25acB5POua4tzgEEoPAEEE1fE0STsNaVMYm5n87jNO0Howgh1','2017-03-07 03:41:03','2017-06-24 12:20:00','default.png','5116100064.jpg',1,'NTExNjEwMDA2NEd1OWQxR29pNEYzRURYMnRDUTlK'),(26,'5115100163','wiranata.arya.wiranata@gmail.com','FckThisShtImOut','$2y$10$KPOHY2fWUtICsId7H7ab3.zJpunLSzS4FUm9w0px6j05FhT2LqUpW',876,0,0,'ckklTaWilNwJ4iKNpCq8TcvslmA4mUjuB8HC8wcu2DTsalv4ZKiuUOIhVcro','2017-03-07 03:48:43','2017-06-24 12:20:00','default.png','5115100163.jpg',1,'NTExNTEwMDE2M1dOaTFuQTJvd2t5bGk5d25xdmk4'),(27,'5116100046','mardefasma123up@gmail.com','F=m.a','$2y$10$atCWdBYVae2c33HP1j8.J.TMU35x7BPlFayBseg16FI/SCIzXCiAS',126,0,0,'7NFNrLzdvvWGA0DWUa0h8WbcHhvpIudv4x7k5qIYKiPEVIG5QLg0uccRU1wG','2017-03-07 04:49:58','2017-06-24 12:20:00','default.png','5116100046.jpg',1,'NTExNjEwMDA0NjYySFVibUJreDE2czRaOXJoZ1kx'),(28,'5113100052','deasnataly@gmail.com','terisambel','$2y$10$Crzb.FOTwd7hER6FrlN0huyCLT5pjtGcIKYEgtV0ZxbofY188cGlW',0,0,0,'X1LBs3Xo0ls4DM5xQFrojGPZikeWjbu2pGlC3hopOAb1OWSIfrRrNEKF2Jct','2017-03-07 06:03:24','2017-06-24 12:20:00','default.png','5113100052.jpg',1,'NTExMzEwMDA1MjZrNjR0NFZ3VG5SdHAybmtXMGYw'),(29,'5115100057','naufalpf@gmail.com','nopal','$2y$10$4stI9jdg5inz4nu5Hmi4b.npx56k2aDyeTgk4CQGDR35HBJzPgZKm',426,0,0,'2pcEGYDuQm50sIq1MzNVJ12nxUALGkntNsdsNqk0omJ2c8P0BaAxU9MxCNXO','2017-03-07 11:39:09','2017-07-04 18:09:10','default.png','5115100057.jpg',0,'NTExNTEwMDA1N1dMUjBHVVFDNGluMU5mZGU4bmFJ'),(30,'5115100092','onehundredwk@gmail.com','asdlawgh','$2y$10$86KxhYUlwWFBOg5MvKXnee25RqeIuR1iAGM.tVStMmGzFyIH.dq9i',26,0,0,'pdRpjZzp7oqMCijTsiPxUQXk5hIK6GRWeLecv9o3KSIRDiqQXCJ7xlkMHAk6','2017-03-08 08:08:16','2017-06-24 12:20:00','default.png','5115100092.jpg',1,'NTExNTEwMDA5MmZ5NjFUMnp3OXI0RlBMM3hyU2ln'),(31,'5115100039','ivan.fadhila70@gmail.com','antares','$2y$10$cAEp/e/kmhcMQ1oLetCjPuaSwvKSlZ4gLtfawvRAUEN4ShiDxSUM2',0,0,0,NULL,'2017-03-08 08:24:15','2017-06-24 12:20:00','default.png','5115100039.jpg',1,'NTExNTEwMDAzOTd1eTUwZnhQckNWSlJTUVJnSkVv'),(32,'5115100176','ace.id.leaf@gmail.com','mustevji','$2y$10$GZOWJ4mEC.FaBbAOea4g0.h7Enkl9h8ql1XGcPpqLCwl7TJHwTkUa',0,0,0,'Qa1wnpBAhNhZA758iFYdQBFgDrD6lss8HKXFUyoty7wIjkBpIJMOaYg4bNhS','2017-03-08 08:35:46','2017-06-24 12:20:00','default.png','5115100176.jpg',1,'NTExNTEwMDE3NktPNFdlbGJ1d3ZQQmRQVVNvWjF4'),(33,'5114100122','sektibayu@gmail.com','guest 3','$2y$10$FesmDkFrHabretrHGCIT3uZiGOGDPfqQTOcD511IY5CsZ7sqXIH6.',0,0,0,'9x6oYHlseKXrOeJxq4rgh06LWUY0VlwUQ5hTclkjf48NmToRV4c1O8DJE0dy','2017-03-08 21:38:36','2017-06-24 12:20:00','default.png','5114100122.jpg',1,'NTExNDEwMDEyMjFDdWNOR0dYanJHUkdQV29EbFJo'),(34,'5114100067','dzakybd@gmail.com','dzakyzf','$2y$10$OFaCaj1yiw846Scf8Rx8IOJfs4jICVqXZ8IPwLtW5SYTaUASmU6hS',0,0,0,NULL,'2017-03-09 02:31:50','2017-06-24 12:20:00','default.png','5114100043.jpg',1,'NTExNDEwMDA2N3o1WlFTb1cwSFZrcG5DTU9wUm00'),(35,'5114100192','Fikry.labsky08@gmail.com','Khairytamim','$2y$10$1iEN9BV2GP4q1xDFG0NnJuBLVWxNetrffj1v34hPL66F.kjbssTlu',0,0,0,NULL,'2017-03-09 04:18:15','2017-06-24 12:20:00','default.png','5114100192.jpg',1,'NTExNDEwMDE5MkQwdTMxbGF3cG83dXBINllnQXhI'),(36,'5115100132','sgs3.rc@gmail.com','ReinhartC','$2y$10$FETnv.4EuPlUaYmhea9bVOeAC5gUVOW80IkWuZUPpTHjRvry06EBi',0,0,0,NULL,'2017-03-09 06:38:25','2017-06-24 12:20:00','default.png','5115100132.JPG',1,'NTExNTEwMDEzMlV5UkV0a1FFNzVoSmczYTJZcTNW'),(37,'5115100166','ivanagungpasaribu@gmail.com','ILLUMINATI','$2y$10$qa6P1bTk07vhNmPjrKQoleiFg.vMO267jefsxqTVoUx3CSlB.HXui',0,0,0,NULL,'2017-03-09 06:38:56','2017-06-24 12:20:00','default.png','5115100166.jpg',1,'NTExNTEwMDE2NjhTajRYeXppNmJCUE9iN0Vjb3RE'),(38,'5116100703','v28mtyqm.mu1@gmail.com','V28Cyber','$2y$10$9rs8i1AawjNZi5b9TbDz2.5L5N45kWt6yJPzqIgfh4Oj1r8/GuGSi',1,0,0,'7Y6hTSrGAtDZOPrclQaldwWzki36czzAh67NRy91ROWvs9LIvr5nPzoIS5KY','2017-03-09 11:13:07','2017-06-24 12:20:00','default.png','5116100703.jpg',1,'NTExNjEwMDcwM2I2R1NHV1dGdzRuMzRWdE1jOXFF'),(39,'5116100081','daniel16@mhs.if.its.ac.id','DanielDeka','$2y$10$Zc/fUogNdJbkEhMgQSUP8ePZQaCHBPHguDcEdqddLmW/WiFmnW/N.',101,0,0,'oX2LXl4mEBT9UqDFfSiD13sSZigA2OLQmiMPjEZ837qID3exF9bVg1MwZsof','2017-03-09 11:14:22','2017-06-24 12:20:00','default.png','5116100081.jpg',1,'NTExNjEwMDA4MTkxRThmVWNmeDhETXBObVNsek1R'),(40,'5116100133','farizpurnomo91@gmail.com','farizmpr','$2y$10$.BnTrMzBfiRufGzK/t.kZ.FF08MV0j9jyfLe7s65J9/0jvV6JYJva',51,0,0,'Ux1PbpvEjATzivsm7Y69EA3SotAXw4ywsiVZ59eZjkPh7EySjRmPnkKP4vv6','2017-03-09 11:14:38','2017-06-24 12:20:00','default.png','5116100133.jpg',1,'NTExNjEwMDEzMzAzTGF4WW16WjlhOEZMVFhRZEI2'),(41,'5116100031','moddiist@gmail.com','moddiist','$2y$10$AySW9h/d3JEciKCFlyF0q.HqPZ5eBN5g8E4V4LMwkk4yCC8ULS1au',51,0,0,'cEaccjOj8GLmH846UrIEoRxD0xPQrcPmw6p1qSLrJeIzZfgKc3OJiu1Mfb02','2017-03-09 11:14:56','2017-06-24 12:20:00','default.png','none',1,'NTExNjEwMDAzMVp3eHpVNnFmTUVNRkpjUkVPaTZv'),(42,'5116100079','dianakisyono@gmail.com','dianahudani','$2y$10$f4SvJs5y0R8mUpfICu6.re01z4c9mlAbsXea1kYDRGOpF6Qfqb5CG',51,0,0,'mLV4ln54X8u8fFrTipEkfjZzGTjKkBgH81WQ60t6Z1iQzmLEbEZiS2dewvfY','2017-03-09 11:15:51','2017-06-24 12:20:00','default.png','5116100079.jpg',1,'NTExNjEwMDA3OVVPT2VOY2cyemxUdzN0alNMelZh'),(43,'5115100008','purina15@mhs.if.its.ac.id','purinaqa','$2y$10$.jo/acDlykiSA1001fkOIeSEzw3bZRFZ0x8GNyzORa2DDQ4N6r5/S',26,0,0,'ioZAG02UVmhNdMSYTTW5VGsbNoUobSzj0XaBlkoX3ydptrzW6nH6KRFA829H','2017-03-09 11:19:24','2017-06-24 12:20:00','default.png','5115100008.jpg',1,'NTExNTEwMDAwOHoybmNzS2p0cXlJdU9JSmFGTmVv'),(44,'5115100073','fatimatuszulfa@gmail.com','cm15','$2y$10$bpMDs8OJJwiNnchcD80I5eUCZefktSHTgrrwvqN3jYMxlV7Ev2ggm',76,0,0,'GnlVLztorzjRGXHv54IRnQn5WHuY6CyKo9xj7Yuagpfb9vGbVKZtjnq7Mthr','2017-03-09 11:29:13','2017-06-24 12:20:00','default.png','5115100073.jpg',1,'NTExNTEwMDA3MzRYcG9kemdyV2JpVHlrNU9hS0tW'),(45,'5114100110','rafiar254@gmail.com','rafiarr','$2y$10$zuS5f/PVn0phQm8vlv97QeQvH7OUHHkam0/zDBCm41TTGofilISoO',1,0,0,'O6fXNc3s6x17yq7muwM54RcXga2dW8ZZ2yNM5pHHcVbqi2eitK5icszlmjK3','2017-03-09 11:30:38','2017-06-24 12:20:00','default.png','5114100110.jpg',1,'NTExNDEwMDExMFNtMG9yM0huMkxabUx1ZDZwY3JE'),(46,'5113100184','sudirahanif@gmail.com','hanifsudira','$2y$10$ETHwRS/b7t3V1kK4.KRCQuCsqLgBVdgkjtSSdvOjAVn41gL.uF.EW',1,0,0,'IZwjZ4WdTowPz0nkDl7sSOGzonEJwexY9Ae4HxgNur0UFz55XZqmP7QhLS3L','2017-03-09 11:44:07','2017-06-24 12:20:00','default.png','5113100184.JPG',1,'NTExMzEwMDE4NHRRbExFVGNiMElVdVM0M1RKTjNq'),(48,'5113100046','burhanudin13@mhs.if.its.ac.id','H4NU','$2y$10$fGIsvFUUtgQWrjeWbfABtejTCZUvijVZAOuY6bZkOb0b45HAUEKoy',0,0,0,'cEFHVQtnJ5Fm50LqeGFLx8uvV6L0uWjCSJiCtA4p3FKhc4iZNib44lmKEeku','2017-03-10 04:55:34','2017-06-24 12:20:00','default.png','5113100046.jpg',1,'NTExMzEwMDA0Nml6MUJwY01FT0RkQkdKbkpRUTFy'),(49,'5115100080','ygsamudra@gmail.com','MyOcean','$2y$10$5kcUxxRH4P.6TcCuWXFT2.bXiPJeGD4sG7VJ2q08WwKXNPVW0AZuS',276,0,0,'lVjNG2fQkcEO7K3EpWqtc7mb0C9Sb6XLOoDQ8c8ZEyageq83YIyj6I9W4ws6','2017-03-11 01:10:07','2017-08-03 14:27:25','default.png','5115100080.png',1,'NTExNTEwMDA4MDAybzEwUjJQMHYydVpRdVNVQzFO'),(50,'5114100043','jeffryfaruki@gmail.com','kuda_hitam','$2y$10$oC/N7zmtU7qNk9EMavRZv.687zqAW0.rPZsFmzMlmngr/byHt49M2',251,0,0,'DsNiN27VXUSbkVf5cBHHEtv5oGFumAF7K5jUn9SlN4XVTvhpruutUxZ8PCr3','2017-03-11 02:33:02','2017-06-24 12:20:00','default.png','5113100199.jpeg',1,'NTExNDEwMDA0MzhhZmNZcmJyWW1JTndqRzJPVlhh'),(51,'5115100141','znahda@gmail.com','rpnzl','$2y$10$JzrvgbiazAP8OURU6fy9xeBl24eD4FmeJhsgL79RP5ipVfbwhjVtq',0,0,0,'877FKbkLOpYe4genGPCewRMYwZXUrFruoJx3YuZfHF2d3FstfhB3Mg23SkQR','2017-03-15 01:21:42','2017-06-24 12:20:00','default.png','5115100141.jpg',1,'NTExNTEwMDE0MVc2ZndubXZKb0ZWUGhQTzJMdTY3'),(52,'5115100157','kiki.sby@gmail.com','sikatsampaihabis','$2y$10$Aphvfi6IB35/6LzWUXTTvO.R4.GANuVmAGkB8eVXs8pct8YF.Ud0K',0,0,0,NULL,'2017-03-22 07:28:08','2017-06-24 12:20:00','default.png','none',1,'NTExNTEwMDE1NzVKOHZoRjN5NklYWENzTnVGUnNt'),(53,'5116100107','andrew.public107@gmail.com','Chrele','$2y$10$pwAfc.uTIsPjDZin/.0KhOOJcMxK/LUtDIifV6ILkPiJLl8uwLFJa',26,0,0,'BaaWHuhtuIlfrI9nLB0DiwVLvAblGHK8LVT3ncdZBOtAVqEVVy5vzHhFP7Pq','2017-03-24 05:00:16','2017-06-24 12:20:00','default.png','none',1,'NTExNjEwMDEwN2xQSmkwUDh1V0laVm55UjF1ZUtt'),(54,'5114100081','mobile_suit89@yahoo.com','Serpentra','$2y$10$Bk9YX70uQmXJpK0CfHhqz.1rn8zeRksA1eLPaWiJp6mtqphXRfO/K',0,0,0,'qk7XU7qLcTxHB1Z6BWiP0KaxKsytropbFywH65usk6qozx9cnPzZqLXzcoD1','2017-03-27 03:06:49','2017-06-24 12:20:00','default.png','5114100080.jpg',1,'NTExNDEwMDA4MVg3VGdMNVhtWkZOMGs1VURmTGZZ'),(55,'5116100104','muhajir.al28@gmail.com','haimax','$2y$10$LExsBQTBC5HcpfyiVDxsBOjEI2NtBF2dTMbrNVP1ZJmLI9mykLAa.',476,0,0,'LiQ4B2e6f98GhYIRipR3TXouqTLP54X5Z4GTuzCQ0Bi02tOIc8y7V5goH65X','2017-03-31 05:17:53','2017-06-24 12:20:00','default.png','none',1,'NTExNjEwMDEwNDNYS1lUMnBmNW40YlFaZ1hQOGs1'),(56,'5115115151','a@ad.com','tukang_writeup','$2y$10$prBiH0T628Ndz5mYaeBTn.STZu2P1.GFH612q.oQcUPTJIEZket0q',676,0,1,'pi2UqzY33h6bMEexp7rIbdIFg8usLSIdaPidPtZFTQtjxnLPtNaD41hEynEW','2017-04-03 04:34:20','2017-06-24 12:20:00','default.png','none',1,'NTExNTExNTE1MXdwMWtzWDUwa21EaDJZeVNDdG85'),(57,'5116100148','akmal.darari16@mhs.if.its.ac.id','akmal.d','$2y$10$U1dimO1JFC95KDsS8gi5Fegf6NG4SVRdoPM2lp9IJ/OiacEkIXCk.',50,0,0,'uBXYJsS7h6QZ7aIVnOfYpYhI1y1WFKBjANcXB7P55KyKIu2l2INwQW6cur59','2017-04-17 11:15:44','2017-06-24 12:20:00','default.png','none',1,'NTExNjEwMDE0OEw5VVJjWGlTSllsMmNoYUJPMnoy'),(58,'5116100114','ilham5442@gmail.com','ilham_syamsuddin','$2y$10$ZxwLDuzFf0CtBbOCnJJ/9OZDiGs6N.yJNjTTmpb0xuV7AU9kR8yii',0,0,0,'woTvIHEfEBfe4W2kWKcZcrWROP2pF3s7fgGqbGFOsd13pIovIi2qlPng8rQw','2017-05-10 17:13:56','2017-06-24 12:20:00','default.png','5116100144.png',1,'NTExNjEwMDExNEliWGkxcEJFSG1Kd3gxcnVWOHd6'),(59,'5115100101','aditya.vritalia@gmail.com','adityarev','$2y$10$qgSUtVfu52NX22vLm7I41Oupp1tvxAdIZyon.6Dqu59eNRemktCju',51,0,0,'TuMKSfavUYbU1j8Coh8729LVWJe9cXjxd456FAXIXhSDPA7pskQxT1Maf1W1','2017-05-12 21:20:54','2017-06-24 12:20:00','default.png','5115100101.jpg',1,'NTExNTEwMDEwMVdzQ1VYM1FaR04zOFlWb3Z6RW96'),(60,'5116100097','michael.julian98@gmail.com','ogabeezle','$2y$10$OyJk6kxITqXwr48qQPGB2OXSXo.YjHvStDQDpTs8DvqfI90BfjqdS',0,0,0,'hv5DoaMwge1DVVG9u7ALZFeOVlYYMNEsj8OmWJ0zMgk1fhGcYIzkFdCkCX8E','2017-05-12 21:25:42','2017-06-24 12:20:00','default.png','5116100097.jpg',1,'NTExNjEwMDA5N0pEMlVEYUJ4OW1SR0pYcnpDWFZP'),(61,'5116100058','andikaandra03@gmail.com','acehigh','$2y$10$.YCqHtR6tUZ2IMHZ5KUIcOfo2zBfxMw/kXXZ7sIB1hM3nL5aK9kvG',0,0,0,'IetXPz3DQ73XoxbBeeZMzcIOAKFEvEC8NK8mRIAl29VZ8fHjtw4I4YYRDdYx','2017-05-13 04:45:44','2017-06-24 12:20:00','default.png','5116100058.jpg',1,'NTExNjEwMDA1OHNjT1kwYkhmUnVGWGFYUFYwbVhY'),(62,'5115100066','satriaaryawan.dota@gmail.com','overflow','$2y$10$fK/oskzwzlhtgcODlxlUDei6DfQFvjdk1RkAyZjGBQFa5eJJdRvaq',0,0,0,'','2017-05-27 15:18:32','2017-06-24 12:20:00','default.png','5115100066.jpg',1,'NTExNTEwMDA2NjRrY01OWjdIVlkyVmd5blpkSGt2'),(65,'5116100180','muhammadryandanm@gmail.com','MuhammadRyanda','$2y$10$6REcgDbDQnzNqysuVx26RulhCectdoa01W8rPVPvrKnVo7OUqz8Ju',101,0,0,NULL,'2017-05-28 14:02:56','2017-06-24 12:20:00','default.png','none',1,'NTExNjEwMDE4MEVCUmxlVlE1a2VuTmpySFVNZVp1'),(66,'5116100134','alam.akatsuki@gmail.com','alam3211','$2y$10$V4ujnRjVzlbEyIIBlQpZ6OBx9x/MSvjEHu1gvWJR1g/zyu8.pmjp2',1,0,0,NULL,'2017-05-28 14:03:39','2017-06-24 12:20:00','default.png','none',1,'NTExNjEwMDEzNGNrVnMwa0VHOTd3bm9pbTRxMUhU'),(67,'5116100062','ramadani23@rocketmail.com','Ramdan97','$2y$10$ga.APXmv6nzucBOtMM8JAOHzA.YBoaHTlfzdAb9c05SS5A3SnvWBG',1,0,0,NULL,'2017-05-28 14:04:24','2018-01-19 22:22:58','default.png','none',1,'NTExNjEwMDA2Mms3bFB0R0hNSkpxOWthekxSUFFy'),(68,'5116100105','jonathan16@mhs.if.its.ac.id','brofreecss','$2y$10$UGwa8RWnIzMqBdqJAcT6auBNTgpJ12dE9LrS4obiAd13pKqGf6PKq',251,0,0,'raUmtiEUNnz4hyggg5sJSHvjeCfGC9dLMC6n6INpO0CxNw1GWvoh0JLVpnYM','2017-05-28 14:15:23','2017-06-24 12:20:00','default.png','none',1,'NTExNjEwMDEwNUp1YTNQN0dHZm5OQnhnWnpQMmRU'),(69,'5116100084','dan.steve2910@gmail.com','danstv','$2y$10$7OxZdUeqE66Ke75LGLmVz.O6J6UnDkJC5bl3T.PMqKwUIPHeJ5V1.',0,0,0,NULL,'2017-05-28 14:18:50','2017-06-24 12:20:00','default.png','none',1,'NTExNjEwMDA4NE9wWXJ2QmFnelNIcHc2UFpUZXNK'),(70,'5116100030','hafidsriwijaya98@gmail.com','hfdsb','$2y$10$QRljecxqdPdbpuM4MsWqBOLlYqPYec5l.tx4kVAyritBZmOJBTmTe',26,0,0,'h1lAVdnwB3j6mVYHjDMfEFFuD5fpZtytjrBoJ6DCSgEXKG9gMCEpmwwxlJCV','2017-05-28 15:21:54','2017-06-24 12:20:00','default.png','none',1,'NTExNjEwMDAzMDdTTkJxaHZzcU55UEt4cVFhNEV2'),(72,'1234567890','darklimbo@gmail.com','darklimbo','$2y$10$B6Jb1Aj7hn9JO03n96gh1OAn.EwEZwVjc84UpXzyJ9G4.AKRy9q7m',126,3,0,'nGew11WET46gfwK8UW0wexALTTFMFy6Dy4fs2SpEbL6pzMtnviIvd7NMct9A','2017-07-28 23:43:57','2017-07-28 23:50:29','default.png','1234567890.jpg',1,'MTIzNDU2Nzg5MENKNkdmMGswWXM5eG43ZlJEaEp2'),(73,'1234567899','darklimboo@gmail.com','darklimboo','$2y$10$hCLQn.ftf50KE865D5270.iPwTPVmW1jVd7.k2rZnKaKWeBqydVKy',0,3,0,NULL,'2017-07-28 23:44:58','2017-07-28 23:44:58','default.png','1234567899.jpg',1,'MTIzNDU2Nzg5OXRTb1pYRjB3SVBuYjVpOVhwTFFX'),(74,'5115100114','pelkenuk.24@gmail.com','rizka_annisa','$2y$10$n915MIDS/91TD/OA7fEuseqQUexk18EleUU45KrYEf3n.0R1Ffa4W',26,0,0,NULL,'2017-08-26 15:59:23','2017-08-28 09:45:30','default.png','5115100114.png',1,'NTExNTEwMDExNDRRU1RnbEY2N3VKd1dqRXpRanZG'),(75,'1740000186','rezamaranatha@yahoo.com','RezaMaranatha','$2y$10$1C00Gqqv/CuH3CUzHR4RueOlClQTAxGlGDKuI4f5LjKDpordS2F7G',0,0,0,'iTzFe8UKkLSM1bf9sWWXvZpGNXKLoddRDhZYsNoa4Q58Kh6258BBNSqkton9','2017-10-05 17:09:35','2017-10-22 00:22:20','default.png','1740000186.jpg',1,'Um94RmxNUkh4TUdYeGJIQ0lIbFQ='),(76,'5117100059','jeremyvw@yahoo.com','jeremyvw','$2y$10$dj/nCsvyrwcwdCJvHPB6DeVJWGtonCkE.GnSkMbGPNzXypwBp.hZK',0,0,0,NULL,'2017-10-05 17:13:43','2017-10-05 17:13:43','default.png','5117100059.jpg',1,'NTExNzEwMDA1OW5BTnJTMUlvT2RxeUdOZ2pUQlJT'),(77,'5116100178','thezuama@gmail.com','ruru','$2y$10$f/GJKUjPnoy5XXyYwoX19ONFFshD.KhQnr47qKEqkJ59tn4h97I7K',0,0,0,NULL,'2017-10-26 09:48:14','2017-10-26 09:48:14','default.png','5116100178.jpg',1,'NTExNjEwMDE3ODQycHc1Z2R3aDJGcXJwTVVFNm9S'),(78,'5116100026','raldo0104@gmail.com','moose','$2y$10$H.uqbeCMBL6hQUV96IslmuSQChwPGoLmLKdHVHlg8eB1mVXnWex5C',0,0,0,NULL,'2017-11-07 16:04:43','2017-11-07 16:04:43','default.png','5116100026.JPG',1,'NTExNjEwMDAyNndXUHh2eWpDWTVjSjFsY281N21m'),(79,'5116100140','ooaisee@gmail.com','ooaisee','$2y$10$1Mwbs4R4nmp3zHqTogpC3ut1nvBJdQgV1Ru3bjMhR.4eFplLBjFwi',101,0,0,NULL,'2017-11-09 14:17:04','2017-11-23 13:06:15','default.png','5116100140.jpg',1,'NTExNjEwMDE0MG1WWVpaUmhtMkhJcjQ4dktBVWd6'),(81,'05111740000169','farhan.ikul@gmail.com','ikul123','$2y$10$saMKker849tKs5wEduR/7eEz2TVB04hJloIz2OeAHBraS3XolFwza',101,0,0,NULL,'2017-11-25 00:52:48','2018-12-24 11:21:38','default.png','05111740000169.jpg',1,'MDUxMTE3NDAwMDAxNjliaVdsaFZVMm8zbHlJNzhYNlVqMA=='),(82,'05111740000029','anantadwi13@yahoo.com','Doa & Ridho Ibu','$2y$10$nO1Hc0LdU45ZRv.fxYz8Yev5B2wbFR.D6j91tOakktZtITILyjTNa',326,0,0,'zm90HXrTcOBNqs7KTCXfzyEJRsHfc5Jl05MYiXHxwEK7Neq3zgh9rvGEa81X','2017-11-25 00:55:31','2018-12-26 16:29:48','default.png','05111740000029.jpg',1,'MDUxMTE3NDAwMDAwMjlTUTBGUGdiVnVvU0hGcXJaT3M1YQ=='),(83,'05111740000124','furqanaliyuddien@gmail.com','Furynd','$2y$10$04a/wsKvzLLKb0q5MBhVHOZiuZOYbjbqvtDlZOhUAsBs2gZC8bgSa',426,0,0,'m95yDqdAUVwaJtKoTayvx0Jq4IBvWQt1j4GdZvkc2UZN6D3rkGQqcxAqCvaL','2017-11-25 05:21:35','2018-03-07 14:31:30','default.png','05111740000124.jpg',1,'MDUxMTE3NDAwMDAxMjRnem1FRlNJY1RtTlU0T01pSFRIOQ=='),(84,'05111740000052','anggarwahyu@gmail.com','janqrick','$2y$10$ArFweG3jeHwiPbzIUM7tL.5.XfcibdCVOMQo/A3sg7zcLrRPhFOe2',376,0,0,'jQAcYjhBPKh7b4CgyWDc4yK9KKUzPjbuoDBvdU3KCkRh3WDDHRK0pwM1eGmH','2017-11-25 13:20:47','2018-03-05 23:11:06','default.png','05111740000052.jpg',1,'MDUxMTE3NDAwMDAwNTJ5SnVSOXJVZHM1MzNObEFzNjVOeQ=='),(85,'05111740000031','wafaaidillah21@gmail.com','sogol_bro','$2y$10$xOw/3TLPIK3/M7uI498tZOvmJde5lg.tDJKC/Q2cpxhsuZVINaBGu',101,0,0,'ucWU2EUi8E5JQqxiPsw4TETj8o1wFFIJyOB7c5nZlRee6EKQGutSc9zgy5vV','2017-11-27 01:33:49','2018-05-09 19:13:30','default.png','05111740000031.jpg',1,'MDUxMTE3NDAwMDAwMzFleFZoZjR5Umg4MTBjN1BNRmhibQ=='),(86,'05111740000079','najaslanardo07@gmail.com','sule','$2y$10$MZRiD0NLt1OCuH3aMItI9uwe6aVDmQirP.Sx8GeAFZZJ6K0yaQy8y',1,0,0,NULL,'2017-11-27 13:36:41','2017-11-27 13:40:51','default.png','05111740000079.jpg',1,'MDUxMTE3NDAwMDAwNzlYbjJzeFU0djJqYXBHQVRVMEduMg=='),(87,'05111740000038','rahmatluthfi12@gmail.com','whiteraven','$2y$10$avIUA75kpZPCcckHbNZF/eFWigGiiTdg1Canj2k/f/ntgRdDTpzSe',1,0,0,NULL,'2017-11-27 17:06:49','2017-11-27 17:09:21','default.png','05111740000038.jpg',1,'MDUxMTE3NDAwMDAwMzgyRjE3dVdDNU53WHc2emlQZmthQQ=='),(88,'05111740000063','darfisultoni@gmail.com','mungkinlucu','$2y$10$kAg6thBypwkmWddIjrVtz.hQyk50Qj2xGmNVfxy1q/2.36DpyVl9y',876,0,0,'8PyksM0cVCAnXwJyuka0EpBkn9978CZXFdAcB957ldtDdEb3vGaIyh0BZzNZ','2017-11-28 07:40:05','2019-04-07 21:34:01','default.png','05111740000063.jpg',1,'MDUxMTE3NDAwMDAwNjM1YkxsSXMwZXp5TDBWTlphRUJDVQ=='),(89,'05111740000056','fandipranatajaya@gmail.com','wiseman','$2y$10$9Ja0aENxDpzTrnzQEhOF2.hsC4C3WmHtzMjNZX1xaRyJwSzxG8iPm',26,0,0,NULL,'2017-11-28 08:32:00','2017-11-28 08:41:09','default.png','05111740000056.jpg',1,'MDUxMTE3NDAwMDAwNTZuN3A2WGd1RDB3dld4Nzd1d2Q5TA=='),(90,'05111740000183','arifdarmaalthia@gmail.com','ArifDA','$2y$10$5ykphvbPBnzXjWVjzLJXJeGCXA1xgv4U9ZFkoIfgYvWqdE6UdS0P.',1,0,0,NULL,'2017-11-28 16:47:17','2018-03-16 17:45:15','default.png','05111740000183.jpeg',1,'MDUxMTE3NDAwMDAxODNEekxZTFJEWmpIbXBhM2N1TGJnUg=='),(91,'05111740000017','shinrezky@gmail.com','ssecek','$2y$10$gHtPKnqyXit6GZgY3NmTJOXN8./ESnNf4eX7bj8xNxpCCBlGmz0RC',1,0,0,'r2wNGniPHH09n7HPWe0SX7DbGEkr8Scxdm8o4XQo9AqUPYV6xuAgBDYHumxN','2017-11-29 03:38:59','2017-11-29 03:41:01','default.png','05111740000017.jpg',1,'MDUxMTE3NDAwMDAwMTd0bTBSbEtRZnRUSXZTWThKQ3VCRw=='),(92,'05111740000047','anargyawidyadhana@gmail.com','zephyrzth','$2y$10$zgdA/.FwWQI0tHikWq7rE.a.nKZnvXdRlKZjYU.1MbbDnLvdiolzW',451,0,0,'ktLgvB4nBHMohTefrvYpjI5bKvTM3tq0vT5ZLWWBVEKPTlVm52Ut9KzhNhPF','2017-11-30 07:30:31','2018-12-28 15:27:33','default.png','05111740000047.jpg',1,'MDUxMTE3NDAwMDAwNDdaOHU2WFBqM2Z2WENmVElvRGVacw=='),(93,'05111740000120','ranggakusumad@gmail.com','retiago','$2y$10$IU.G8J.ZqEbytgrRARNh4uJ9LmcCyhUOpO1azy.rlcDguRMDieisW',1,0,0,'plCE2uGM9R5xlkCprdKtKm46JTZLa891EIKYZ4rIfWGaljchIFRIjSTBcuQT','2017-11-30 07:33:25','2017-11-30 07:36:16','default.png','05111740000120.jpg',1,'MDUxMTE3NDAwMDAxMjB0TURvV0Q4YkVYVlNMbkpiVzlaRQ=='),(94,'05111740007009','ramaromadhon123@gmail.com','ramaR','$2y$10$D9/O3MkL0mQ6DrrHC63jA.naIOiUALwWrd9qgnCKy6WQQJdvSOIxG',476,0,0,NULL,'2017-11-30 09:32:01','2017-12-08 14:17:52','default.png','05111740007009.jpg',1,'MDUxMTE3NDAwMDcwMDlnQkVadTQ3RTJvVUc2NjlqMzBWNw=='),(95,'05111740000046','didot.brodot@yahoo.com','didotbrodot','$2y$10$GoEqY7FlfVnNYLzkliojDO5Af9GBtsfa16W6C.zDsskjY2QSviXXG',1,0,0,NULL,'2017-11-30 13:53:27','2017-11-30 13:55:38','default.png','05111740000046.jpg',1,'MDUxMTE3NDAwMDAwNDZFYlZqMFlnb2tIdlNBSHl6dXhBSQ=='),(96,'05111740000112','pristizzz@gmail.com','iampizza','$2y$10$08UBUNdncFtg1I0OP0Z.2ebaOzDPhUH6dBhFnV2wiRlcFqCIWUMhm',76,0,0,NULL,'2017-12-01 04:25:03','2017-12-01 04:49:35','default.png','05111740000112.jpg',1,'MDUxMTE3NDAwMDAxMTJNcThZWWZ0Z0xQMU5scU1HU3MxVA=='),(97,'05111740000135','igedeagung25@gmail.com','I Gede Agung K P','$2y$10$mlfj8XzsgUVKGnDiTpXVIuSY7FyfH.OkV8mnn9t2LkTngKLmOZqWq',51,0,0,NULL,'2017-12-01 06:09:56','2018-05-25 18:07:50','default.png','05111740000135.JPG',1,'MDUxMTE3NDAwMDAxMzVHN0hsSVBCc2hCVVl2SjI5eXZDaw=='),(98,'05111740000004','wasilatuldewi@gmail.com','Arimbi','$2y$10$V3mQk0zX/HKTOlsWs4AUhuEDj/LQk/NKmEY9UozO9FCCZJP6/myg2',26,0,0,NULL,'2017-12-06 12:14:14','2017-12-06 12:27:56','default.png','05111740000004.jpg',1,'MDUxMTE3NDAwMDAwMDRNWE9oOVBoWkUyMlI0b28yQWc0SA=='),(99,'05111740000024','thsisntmenow@gmail.com','tehel','$2y$10$rUvgsC2NkAFPE4IrZMkLw.ntP8FfqYh4IexjlDYsvNInR7Cuh3r5q',26,0,0,NULL,'2017-12-09 09:41:48','2018-01-05 12:49:52','default.png','05111740000024.jpg',1,'MDUxMTE3NDAwMDAwMjRzblBqeTRsSXVSMUVqcExxRm9yYQ=='),(100,'12345678901','test@2.com','test2','$2y$10$uwGmxg8Aev77zyOSbgg1h.pAq.ODVyRdAE4u1JSSa5e/9aKNTkAWu',351,0,0,NULL,'2017-12-22 10:54:23','2017-12-22 12:48:05','default.png','12345678901.jpg',1,'MTIzNDU2Nzg5MDFWRXkydmJGWDhCa2FUaE9OTjUwUA=='),(101,'05111740000037','azaky.h@gmail.com','Randolf_XV','$2y$10$oPuwbZBjEBPsNzSkcQaeJeN0JHkHUDOd3i15FCi87iwR2q.K8oE96',151,0,0,'WcZoQTPnd6X0Uye6l5cEb0h5D4n7C7csRHlO18w8cBvlrqjcH0c8ZMsPV4DS','2017-12-25 12:03:11','2018-03-22 16:48:46','default.png','05111740000037.jpg',1,'MDUxMTE3NDAwMDAwMzdkMVNxMnpnU0ZvdUNVampMYk9sYQ=='),(102,'5113100142','ronayumik@gmail.com','deasnataly','$2y$10$rTtPPKT7zuH4rcyVrVN22.2ybk43WpjRpm1lHojj37KkJPWtdF5cK',0,0,0,'2lVW6kQChxETAhm1Bz3OBzdopPXwcn6YEzuLickQivcNzyEUMxbCTYFKDIVi','2018-02-15 09:44:07','2018-02-15 09:44:07','default.png','5113100142.jpg',1,'NTExMzEwMDE0MkxobEZWcUxMNktSUmhOaUJWa21s'),(103,'05111740000133','arjunaksan700@gmail.com','cyanio','$2y$10$h7hQqg4xMaI69GWvXfg/iO5NrXKiknKbHr7eeTDUJWE62u3IPZyOm',0,0,0,NULL,'2018-02-25 08:07:11','2018-02-25 08:07:11','default.png','05111740000133.jpg',1,'MDUxMTE3NDAwMDAxMzNEblZkOTV1R2pkQjdwY3ZCR25oSQ=='),(104,'05111740000028','durianpeople@gmail.com','durianpeople','$2y$10$E3dd.mYYPgCFVqzkxFLk4eIFgKnkkxaJ5igllzT5w/LpSbcw5uycK',301,0,0,NULL,'2018-02-25 08:50:05','2018-03-07 15:12:46','default.png','05111740000028.png',1,'MDUxMTE3NDAwMDAwMjhGRGpjUE5TRDdYcDNBSXZsT3RLQQ=='),(105,'0123456790','0123456790@0123456790.com','kuceng','$2y$10$pJTWHaDat1uKPHQkJsOkLeiFkRg.6VCb0blRFEsClY1ENKN8mcV4e',1,0,0,NULL,'2018-02-28 22:44:06','2018-02-28 22:45:14','default.png','0123456790.png',1,'MDEyMzQ1Njc5MHZxUnZ3MWZucDRocU9oVVplWmpS'),(106,'05111740000118','fandy19061999@gmail.com','fandykun','$2y$10$3K29ezIbTwTITdFKNtgnAO4R3CWceJ8e1uq9nsJ.CU1pgwBKG8mii',351,0,0,NULL,'2018-03-07 07:53:10','2018-03-20 18:23:37','default.png','05111740000118.jpg',1,'MDUxMTE3NDAwMDAxMThKSjFGbXdmOFFSOExjMVJkR2ZHdw=='),(107,'05111740000141','lia.fairuz@yahoo.com','afairuzr','$2y$10$R7MsXIhNJXknbWtN9LzU4.DwsupWLrQOTC.v.s9CdN8XDFGVlIsxK',51,0,0,'NNMKtxipCoOX8N7MuztMzt3PrcbTP8okOhV7UoP7ajOzkuRm0Kg7ZaGALLEC','2018-03-29 14:21:08','2018-05-02 10:44:18','default.png','05111740000141.jpg',1,'MDUxMTE3NDAwMDAxNDFkb0hxdkVtQ1J3Vkg4UTh2MFVMcw=='),(108,'05111740000119','rifweb.android@gmail.com','mardikarifqi','$2y$10$PIhVGcaIiEgolwprwFnzfegzqSW7OkZQ10N7IrqQsya/wCY/CXVG2',0,0,0,NULL,'2018-05-05 11:16:15','2018-05-05 11:16:15','default.png','05111740000119.jpg',1,'MDUxMTE3NDAwMDAxMTlvdnJlNWplelRwRFE5ck5jU3RtRw=='),(109,'05111740000101','andhikay24@gmail.com','andhikayp','$2y$10$/eRHsJKQ.bGiNRdYqIw2q..AUMBR3Chw3YOUfvSSql0aEp0WRNwcW',0,0,0,NULL,'2018-05-05 11:20:41','2018-05-05 11:20:41','default.png','05111740000101.jpg',1,'MDUxMTE3NDAwMDAxMDFyQVBDU2NreWN2aVFTQTl5YVZuQQ=='),(110,'05111740000127','elkhns@gmail.com','wackawakka','$2y$10$702vUFpih1POm.K.Jnnr9eRODfdBMqQay7hC7NIrPyf/G0Sqlx5da',1,0,0,NULL,'2018-05-05 11:26:36','2018-05-05 11:29:16','default.png','05111740000127.jpg',1,'MDUxMTE3NDAwMDAxMjdaNFVBQ2Y3VVBWb2ZHSWU2Y3lzZA=='),(111,'05111740000049','yemimasutanto28@gmail.com','yemimasutanto','$2y$10$VKgY1RRdd80e8r4HGhEaG.ia4BOtfN1Qb8HDRi/bg7b9Lw7B.OHR2',0,0,0,NULL,'2018-05-05 21:20:15','2018-05-05 21:20:15','default.png','05111740000049.jpg',1,'MDUxMTE3NDAwMDAwNDk2bXduamtEV2RHQXlwMGc4RnhNTg=='),(112,'5116100000','sherry.solork@gmail.com','sherry','$2y$10$0hddrvE9BWclMaPOs4OTj.pk3facaB/TOlZ91O25u9J.Gf3fbE7Mu',0,0,0,'L9YG2ZSjo7vdT1Hxn96UqipfrW8O0AkQPAWDBrbxB9XseEVRyQAePmhTZ1TX','2018-05-10 00:05:52','2018-05-10 00:05:52','default.png','5116100000.jpg',1,'NTExNjEwMDAwMGprYlFCd1lZME9kZHZEc2VrYXU1'),(113,'5116100190','iqbal.izzulhaq3@gmail.com','iqbalizzulhaq','$2y$10$ocBy4jTc.5fDfyIctTN5POnbPIWKhOLK1V7u9takDinMaZz82DjtK',51,0,0,NULL,'2018-10-16 01:11:44','2018-10-16 01:37:04','default.png','5116100190.jpg',1,'NTExNjEwMDE5MGVib0pHV0NXaEZpc29WWDJvOWRt'),(114,'5116100095','muzayyin937@gmail.com','muzayyin','$2y$10$JrUm5aojPx5h4bxzKbnXv.3dBpCQENGsnWFUedq5Z83pI9PQjxWDi',51,0,0,NULL,'2018-10-16 07:38:26','2018-10-16 07:52:35','default.png','5116100095.jpg',1,'NTExNjEwMDA5NU03RmU1QzdDMXVwRUU4VGtidmN4'),(115,'05111740000088','sirajjaya@gmail.com','catehulu','$2y$10$n34UBZRVH4eOGZnEPpWYUOgKI0Zq7kTZeVpXctyXzOboqlhxGF1sC',0,0,0,'Tps9Z8D3jGWcuhCGMhLQTJ4ZGHDTw3ZbFt56HoBFnT58M8BIa6RIn1MRJ2DE','2019-02-21 06:45:08','2019-02-21 06:45:08','default.png','05111740000088.jpg',1,'MDUxMTE3NDAwMDAwODhyZmt1RHRSdmRWWmRpanJuajhMcg=='),(116,'05111840000107','achmadfkradd@gmail.com','achmad fikri','$2y$10$57JIBqaqL7vLZIareyN7QeFKBPp2mJdUrXIhLR1zY9xvf3Mn9rXtW',26,0,0,NULL,'2019-04-05 19:02:55','2019-04-06 14:01:22','default.png','05111840000107.jpg',1,'MDUxMTE4NDAwMDAxMDdvOHdzSlJ4ek1mamFuSEdYRWtxQw=='),(117,'05111840000007','ammaralifian2000@gmail.com','kerupuksambel','$2y$10$I0.aUg1Nmd/IPSQq0Dhv1.8nEFnNaSmw7vJPYRp4YBLERMEIEGzKC',801,0,0,NULL,'2019-04-05 19:05:47','2019-04-09 23:39:27','default.png','05111840000007.jpg',1,'MDUxMTE4NDAwMDAwMDdkamFLR0NveDJFSXJNWjdubkJjWA=='),(118,'0511154000066','satriaaryawa.dota@gmail.com','wolfrevo','$2y$10$D8KQG48zPCQAqHI2pj3dJO6Uk1iB5Ql2A76djqIawZ2qHac7tR4aC',351,0,0,NULL,'2019-04-05 19:07:29','2019-04-05 23:42:31','default.png','0511154000066.jpg',1,'MDUxMTE1NDAwMDA2NkFkYlAyRmx5YlJ2N1BoNTd6T0xH'),(119,'05111840000050','wahyuardy18@gmail.com','SinHendrix','$2y$10$T27Q/HUWhByHn7poO3MvdeUzOhkmHCOoZyWUwbJtC90PW4DReglM6',351,0,0,NULL,'2019-04-05 19:07:50','2019-04-13 00:48:15','default.png','05111840000050.jpg',1,'MDUxMTE4NDAwMDAwNTBNTWhLTXRxNFdrcHRweEhwanppeg=='),(120,'05111840000115','raffyuu@gmail.com','Rapuy','$2y$10$4NqKHixy6LFDNX4E4uupH.aKGaSzrDRGgYVE5KA3vT6cmkXaEG8FS',101,0,0,NULL,'2019-04-05 19:32:53','2019-04-13 10:09:21','default.png','05111840000115.jpg',1,'MDUxMTE4NDAwMDAxMTVsMkRMZWkwVlA4NkkwNE9wTjgzag=='),(121,'05111840000028','sinagafredy26@gmail.com','Fredi','$2y$10$VxO916ZthzxQfG0keZkx6efj6AABi.0Lipj1r9d8NGTAzK63K.pyK',26,0,0,NULL,'2019-04-05 20:27:22','2019-04-06 13:48:54','default.png','05111840000028.jpg',1,'MDUxMTE4NDAwMDAwMjh4cElqS2diUWR5UnE1YzJGdGZmMA=='),(122,'05111840000083','martinwxx@gmail.com','Neutralix','$2y$10$YNDiR/xeo.DHqCq8z0vNAOrzHDD2AbLFbHV8b0kobeD.CiJc0xByq',51,0,0,'jCHuXvBb4Feq9kNQEHR0iIikfbHGtJmN3otJtNLovUKid918FLGZ5rXAYCWZ','2019-04-05 20:34:34','2019-04-11 20:11:21','default.png','05111840000083.jpg',1,'MDUxMTE4NDAwMDAwODNwVmROb3lUNHZBQmlzNVAwMUhlcA=='),(123,'05111840000034','rofitasitimusdalifah@gmail.com','msatifor','$2y$10$o4OZq.bOBdedDp8r3DeQv.vLxXq2zy6r2xUjWOA7KyoeV8kl8Kd.G',26,0,0,NULL,'2019-04-05 20:40:28','2019-04-05 20:53:22','default.png','05111840000034.jpg',1,'MDUxMTE4NDAwMDAwMzRQME44NTNwdDhhNVFMSGpuVm5PUA=='),(124,'05111840000155','msamsudhuha9@gmail.com','samsudhuha','$2y$10$lReXC8XqPBK.I4FjGMHDBefmq.WWphn2iUdlVvGpM5e7vlYDwfzay',51,0,0,NULL,'2019-04-05 21:15:01','2019-04-06 16:49:47','default.png','05111840000155.jpg',1,'MDUxMTE4NDAwMDAxNTVCM2g1ZnRpb25QYmFFVlZSbzNMZA=='),(125,'05111840000084','jordanrilbert@gmail.com','Yodhan','$2y$10$/NJjaLc6QgeJY0lrlA2P3OysxytzbHg51CNfWj1KH5mP3CVwqFVf6',126,0,0,NULL,'2019-04-05 21:48:49','2019-04-06 15:06:08','default.png','05111840000084.jpg',1,'MDUxMTE4NDAwMDAwODRiQzZNVmZUWTJsRHVVeFBGQTd5Wg=='),(126,'05111840000048','zahramillah582@gmail.com','zahramillah','$2y$10$F.fse1a6cIOLvyJuazM1xu1dyP.aquwhYcIySIhbQKsaAMvpRbuiq',401,0,0,'uV4ThMs6tTtXiCJWe6ChBW5ziIGGr80SXr4NeRVr5N4KajMzL9KU0rmlmCXa','2019-04-05 22:16:28','2019-04-12 01:17:03','default.png','05111840000048.jpg',1,'MDUxMTE4NDAwMDAwNDhBTnc3UTZOZHBqNG1Pd1Rjd3hiZg=='),(127,'05111840000069','ilham.bhq28@gmail.com','Almond','$2y$10$laV8kJyU7z37Gq9D2VcPB.V4nzOpL4jwMGnvuGNIUp6RG.dbwNqby',401,0,0,'UmbGJ7dXOFItibQIBkCUwMdApvJXa5XMiazjjL5es35CS6s4TEwD8P3PtZFH','2019-04-06 07:58:59','2019-04-12 01:44:42','default.png','05111840000069.jpg',1,'MDUxMTE4NDAwMDAwNjlxUDE2MUtTeEFielM4eVNLWmptZw=='),(128,'05111840000018','iffahwahyuroshifa@gmail.com','IffahW','$2y$10$Q0uAIkegGEQ2KpYGF5DsfOI/m0xNUNgKWXYfZW6oNcycYA9Uq3rrC',0,0,0,NULL,'2019-04-06 11:46:54','2019-04-06 11:46:54','default.png','05111840000018.jpg',1,'MDUxMTE4NDAwMDAwMThBNnFZVTNESHpJSzZaMGtXWmRqcw=='),(129,'05111840000001','kanarekha8@gmail.com','Kana rekha','$2y$10$gkt7m7sXAhGVANKdYICIjOGtlT/UvRZHH2NAeWuNvvMBAfJPCEdSu',1,0,0,NULL,'2019-04-06 11:52:22','2019-04-06 11:53:36','default.png','05111840000001.jpeg',1,'MDUxMTE4NDAwMDAwMDFEVzhPYWVyY2RVS0NJVWJYR0lSWA=='),(130,'05111840000032','rafid.ferdianto@gmail.com','Rafid','$2y$10$bAjlfXEy.btLSXSZ5.c4ueERtZ1aruckzP6X0.jLf/LqXDivyTZfe',1,0,0,NULL,'2019-04-06 12:50:46','2019-04-06 12:53:53','default.png','05111840000032.jpg',1,'MDUxMTE4NDAwMDAwMzI4MUdkeXpZVEl1UmdwbFhmWENVWg=='),(131,'05111840000012','btarialiya93@gmail.com','btarialyt','$2y$10$xHTFxAFwO3qQOKZ1cTdCHOpxI691jlsiGJK0gH3xu3Ubmr0UYu/yW',1,0,0,NULL,'2019-04-06 13:00:36','2019-04-06 13:45:17','default.png','05111840000012.jpg',1,'MDUxMTE4NDAwMDAwMTJXbHN5U0JXemM2OEg0T0FrdEZDVQ=='),(132,'05111840000120','aflakahfarhanaa@gmail.com','farhana','$2y$10$jD66FMmbv97fgdhnPpldDuZtEcbO9hK.tCuhBl/wWSgfJIBP0ZNj.',0,0,0,'Xbdn8yhorbHDWRYdvZMg14F399Ezff7CV79EvU9qzotWu7XpuYjVIXuGKGI9','2019-04-06 13:02:21','2019-04-06 13:02:21','default.png','05111840000120.jpg',1,'MDUxMTE4NDAwMDAxMjBBRldxZVAySFFBMGxsNWFpcEc0dQ=='),(133,'05111840000076','yohan.ardiansyah90@gmail.com','kuuhaku86','$2y$10$NBeXwg7AMjt7Ev9luw9.o.u/xe9mkY0qr6Azkw8axpIlydV/VNFG6',526,0,0,'VvG3hSXl7RqTTSh9Fnp2hoG1U1IYjwoLkaZEnD5zC5zX2Zq0gIZxCz4avgT2','2019-04-06 13:18:52','2019-06-27 14:34:28','default.png','05111840000076.jpg',1,'MDUxMTE4NDAwMDAwNzZWOTRDM1lrZklJMnpnYVBHNWt0OQ=='),(134,'05111840000017','erlindaargyt@gmail.com','erlindaargyt','$2y$10$.8fcIRiXW3U.AW.H71hiROrOcRI795LEl46CO4FhWCK/x3DSI1KGe',0,0,0,'Bx6gTN7BqyFwLKZ7coDnkB2kp19wNs0usZKWDZjtgi3mlvgjeaOyrx81MJPa','2019-04-06 13:20:43','2019-04-06 13:20:43','default.png','05111840000017.JPG',1,'MDUxMTE4NDAwMDAwMTdxdUduMmVZZTlkdm1Sd29EdTlxRw=='),(135,'05111840000059','nada.qori@gmail.com','qqdnada','$2y$10$SlOt/KYWTuInBem9GpOQEuzS8KNgs5WKed1W5uAo2TtTGoNi8VSLy',0,0,0,NULL,'2019-04-06 13:22:51','2019-04-06 13:22:51','default.png','05111840000059.jpg',1,'MDUxMTE4NDAwMDAwNTllenE4T01leXBZcHN5MzJRME1nTA=='),(136,'05111840000080','zumazaki@gmail.com','coll_j','$2y$10$PPO8ex09CwzU3gzO7SozZOz/Y1C5OnopgUIfSH8xrL/mkT2L6eH6u',151,0,0,NULL,'2019-04-06 13:23:50','2019-04-13 22:59:58','default.png','05111840000080.jpg',1,'MDUxMTE4NDAwMDAwODBlbjRkZ0tpcGVGc0t2T0hVbE12Sg=='),(137,'05111840000011','gautamabryan@gmail.com','heizz','$2y$10$HZPx1JxEI4EUrhNviwSD8..bDgxjwPrpgV9vpfolBtzzzfbzhJS0a',26,0,0,NULL,'2019-04-06 13:24:47','2019-04-12 14:01:36','default.png','05111840000011.jpg',1,'MDUxMTE4NDAwMDAwMTFLNGg0aVZUdjkzaHd4bFFOVG5HTw=='),(138,'05111840000045','vameitaqiyyah@gmail.com','Vaniameith','$2y$10$g1KLth0dtpm0ccN/bETzUexnvAAQOWg46FIZryIT/ulwum9CHvySS',0,0,0,NULL,'2019-04-06 13:32:58','2019-04-06 13:32:58','default.png','05111840000045.jpg',1,'MDUxMTE4NDAwMDAwNDVOYXZST2lSREd4QzM2U1RGMXgyVg=='),(139,'05111840000151','nikodemus.jik@gmail.com','nico','$2y$10$hvbCTHsD66swJhpQCHhe/.AHHzikVG8yytKuB/ktjANY7dIun2ao.',26,0,0,NULL,'2019-04-06 13:32:59','2019-05-02 17:35:18','default.png','05111840000151.jpg',1,'MDUxMTE4NDAwMDAxNTF6Nm4waEUyS3dNWmphS0hYTHh0ZA=='),(140,'05111840000047','yaniar0416@gmail.com','yaniar','$2y$10$vRSv6sYqT9ilENxlwhKCbuX.rs/9z5ImI6wVojeN7sNqQD8z6cxvK',0,0,0,'dp6oVfJHvt5w8ueqPpcNBpKkcXyyTqi1pvIuvu8hdjS5Zw8iR3nmk65jv6Jh','2019-04-06 13:36:01','2019-04-06 13:36:01','default.png','05111840000047.jpg',1,'MDUxMTE4NDAwMDAwNDdsakNPWmxHeTNUYnExaFMxTW54Ug=='),(141,'05111840000065','daffa275@gmail.com','Daffa404','$2y$10$vB/UA9A.Uw6gR79a03JBcOkVgruDYibY74cWSEDgjA2sXc1aS/FGi',1,0,0,NULL,'2019-04-06 14:12:07','2019-04-10 09:46:03','default.png','05111840000065.jpg',1,'MDUxMTE4NDAwMDAwNjU4SFVhMXBNQ3ZOUkNHMEZNSFViMA=='),(142,'05111840000040','93sultanbaney@gmail.com','hqelintgra','$2y$10$i5oodL/iDGv.s.xWb5FjTeMfOSFVNP3N290lK/FSGyMhM/2DWbUey',0,0,0,'2Csdq4NDs289v9ywrwiUMCjliPZ3KFe97uHLQwQ8oIJ3wTw4QlqoTq6D1SkR','2019-04-06 14:52:41','2019-04-06 14:52:41','default.png','05111840000040.jpg',1,'MDUxMTE4NDAwMDAwNDBmWTNVZU0xa1hKZHhZUzZVaGVCNg=='),(143,'05111840000004','abdurrachmanwahed@gmail.com','hexa','$2y$10$55qgcnbv9/7xpJEo7ipP/uwOM6VJo4b5H7TBM2mO8nBKhAHR88Ukm',601,0,0,NULL,'2019-04-06 15:21:49','2019-04-08 13:59:40','default.png','05111840000004.png',1,'MDUxMTE4NDAwMDAwMDRabW5nRG9NNkhBSFVIMklvYjZlYg=='),(144,'05111740000181','dxdex@protonmail.com','afdx','$2y$10$sZ7rjJXrUjfI0TRyPSivLewS7VJwHiOC0.OS6viZ8xR71ocVYo0n.',201,0,0,NULL,'2019-04-07 18:13:18','2019-04-07 20:02:33','default.png','05111740000181.jpg',1,'MDUxMTE3NDAwMDAxODFpN3N2WlNRQXJKM1l2REFKOEV5VA=='),(145,'05111840000123','restu.ap2001@gmail.com','τομβολυωε','$2y$10$aA/D2ec1QMEoZN.Bee/eyu1lGVonvqiWLRZGrfIZGYGA87mTh/DFi',601,0,0,NULL,'2019-04-07 21:33:45','2019-04-10 00:49:57','default.png','05111840000123.jpg',1,'MDUxMTE4NDAwMDAxMjM1RjBsQkxWMzZ3V0w1eXFBakVtWA=='),(146,'05111840000020','intankusuma4869@gmail.com','APTX-4869','$2y$10$zt0NrONADrSPXVOzC/hh1OZABVMvsUsW5xlyw52RxKXAPqRA16yAq',0,0,0,NULL,'2019-04-10 12:45:54','2019-04-10 12:45:54','default.png','05111840000020.jpg',1,'MDUxMTE4NDAwMDAwMjBuUWYyVmU2VmZSWTE5QVBuYmdwNw=='),(147,'05111840007004','sitimunawaroh1502@gmail.com','Nowaw','$2y$10$euRS5aVV4/uO0YFQskUabuEk7AqcA7QW0o.BMGlGDrwxGM8BrYAuq',26,0,0,'RzD51xAuHMGSLvDZ29PNq4AoMwu6ke6P2iQ02ukiixE82CC03TkqRQGiH0rC','2019-04-10 13:48:44','2019-04-10 13:56:27','default.png','05111840007004.jpg',1,'MDUxMTE4NDAwMDcwMDRmZXNKQTI1SjFQNUxjeGJJbXR6TQ=='),(148,'05111840000086','cwijaya84@rocketmail.com','Calvin','$2y$10$0xvZ3wRuI5CyhZmCosYq0.ofbiJkjdByod3smDEym19Gc4.fWafKO',76,0,0,NULL,'2019-04-11 22:23:16','2019-04-12 14:08:55','default.png','05111840000086.jpg',1,'MDUxMTE4NDAwMDAwODZRbnNwM2k2ZXlUTVFzb3RSQ2pOcw=='),(149,'05111840000167','andregunawan21@gmail.com','SkyBlue','$2y$10$CEcUOCSHvoeAFgWtXYL.WO9QBGx9XCN7lfMnKYuFrnHvSZlYegfEq',351,0,0,NULL,'2019-04-12 17:28:18','2019-04-13 03:07:25','default.png','05111840000167.jpg',1,'MDUxMTE4NDAwMDAxNjdHRzhQaWc0cFZZN2ZHNmt1bE1DVA=='),(150,'05111840000088','atitiandes@gmail.com','cacel','$2y$10$hQal7OT9FNynzchFog0DS.D6323uLsjOROTRYOOGYRtbA3PkgMW9W',0,0,0,NULL,'2019-04-15 05:11:17','2019-04-15 05:11:17','default.png','05111840000088.jpg',1,'MDUxMTE4NDAwMDAwODhYWjlLeWhYeDZEaUNrbm1Id1M0SQ=='),(151,'05111840000093','afif.fadhlurrahman1@gmail.com','kansayanoob','$2y$10$.g1OrEmoRc9EgQZ3Y2uvc.38HMTznJ2g/2brtYhMRD0.A46weLcw2',1,0,0,NULL,'2019-04-15 11:58:17','2019-04-15 12:09:49','default.png','05111840000093.jpg',1,'MDUxMTE4NDAwMDAwOTNaYmRjdUl2bHIyUFZmVG85NGZwcA=='),(152,'05111840000036','sinambelasam03@gmail.com','scys','$2y$10$xe7KgN11jLE5Vd9jqOtTL.Pz6AZq.CAeMgcIkAJ//RzcCxAh4E7Nq',1,0,0,NULL,'2019-05-02 16:57:26','2019-05-02 17:17:17','default.png','05111840000036.jpg',1,'MDUxMTE4NDAwMDAwMzYxenpFT1RkSFplTXJhQU1iMDlqYg=='),(153,'1231231231','brianjancok3012@gmail.com','brianeli','$2y$10$YAu7U7EFqbm8qmOt6agIL.2n6J1J.c3HHo7pau41306FYVGEPdRt6',26,0,0,NULL,'2019-06-21 08:54:02','2019-06-21 08:55:46','default.png','1231231231.jpg',1,'MTIzMTIzMTIzMWtwcEVMakpuSzVVYm51RFJ4Y2lp');
/*!40000 ALTER TABLE `users` ENABLE KEYS */;
UNLOCK TABLES;

--
-- Table structure for table `writeups`
--

DROP TABLE IF EXISTS `writeups`;
/*!40101 SET @saved_cs_client     = @@character_set_client */;
/*!40101 SET character_set_client = utf8 */;
CREATE TABLE `writeups` (
  `id` int(10) unsigned NOT NULL AUTO_INCREMENT,
  `user_id` int(11) NOT NULL,
  `challs_id` int(11) NOT NULL,
  `body` text COLLATE utf8mb4_unicode_ci NOT NULL,
  `likes` int(11) NOT NULL DEFAULT '0',
  `created_at` timestamp NULL DEFAULT NULL,
  `updated_at` timestamp NULL DEFAULT NULL,
  PRIMARY KEY (`id`)
) ENGINE=InnoDB AUTO_INCREMENT=11 DEFAULT CHARSET=utf8mb4 COLLATE=utf8mb4_unicode_ci;
/*!40101 SET character_set_client = @saved_cs_client */;

--
-- Dumping data for table `writeups`
--

LOCK TABLES `writeups` WRITE;
/*!40000 ALTER TABLE `writeups` DISABLE KEYS */;
INSERT INTO `writeups` VALUES (1,56,1,'<pre>\r\nWelcome to BrainHack CTF! Format flag disini bervariasi karena sebagian challenges adalah soal soal dari event ctf yang telah lalu. Format flag soal yang berasal dari kami adalah noob{this_is_flag}. Silahkan coba disini</pre>\r\n\r\n<p>&nbsp;Nothing special, tinggal masukin contoh flag.</p>\r\n\r\n<blockquote>\r\n<p><strong>Flag : noob{this_is_flag}</strong></p>\r\n</blockquote>',0,'2017-04-03 04:38:09','2017-04-03 04:38:09'),(2,56,2,'<pre>\r\nPlease noobies, robots is not that secure</pre>\r\n\r\n<h2>Jadi gini, noobs.</h2>\r\n\r\n<p>Hint yang diberikan di soal adalah kata <strong>robots</strong>. Apa maksudnya robots?</p>\r\n\r\n<p>Dalam web developing, kita bisa ngasih instruksi ke robot saat akan ngunjungin halaman kita. Yaitu dengan cara nambahin file <em><strong>robots.txt&nbsp;</strong></em>dalam direktori root web kita. Setiap robot yang akan mengunjungi halaman kita akan terlebih dahulu membaca file robots.txt.&nbsp;</p>\r\n\r\n<p>Sesuai hint yang diberikan di deskripsi soal, langsung saja kita akses <a href=\"http://10.151.32.82/robots.txt\">robots.txt</a></p>\r\n\r\n<pre>\r\nUser-agent: *\r\nDisallow: /dontopenthis-yourpcwillexplode\r\n</pre>\r\n\r\n<p>Line pertama mempunyai arti semua robot boleh mengunjungi web ini. Namun line kedua menunjukkan pengecualian halaman&nbsp;apa yang tidak boleh dikunjungi robot. Karena dalam hal ini kita bukan robot, kita bisa dengan mudah mengaksesnya</p>\r\n\r\n<pre>\r\nNoobies don&#39;t deserve the flags\r\n\r\nThe one that they deserve is <strong>explosion</strong></pre>\r\n\r\n<p>Jika kamu melihat dengan seksama, ada flag yang dicomment dalam laman tersebut</p>\r\n\r\n<blockquote>\r\n<p><strong>FLAG : noob{r0bots_tXt_1s_the_worst_secuurity}</strong></p>\r\n</blockquote>\r\n\r\n<p>Seperti yang kita lihat, robots.txt hanya akan melindungi dari robot. Namun selain itu, file ini juga dapat dengan mudah ditembus oleh berbagai web crawler dan memiliki accessibility public. Juga, menuliskan direktori rahasia kamu di robots.txt adalah hal yang nggak&nbsp;seharusnya dilakukan. Penulisan direktori rahasia di robots.txt&nbsp;bisa&nbsp;dianalogikan seperti : Kamu punya emas yang kamu simpan di lemari. Lalu, seorang temanmu&nbsp;datang ke rumahmu&nbsp;untuk mencarinya. Habis itu kamu bilang ke teman kamu, &quot;Di kamarku ada lemari. Jangan coba-coba buka lemari itu, disana aku nyimpen emas&quot;. So gimana noobs?&nbsp;robots.txt is really the worst security.</p>',0,'2017-04-03 04:50:20','2017-04-03 04:50:20'),(3,56,3,'<pre>\r\nHack me if you can, NOOB Visit This : http://10.151.32.81/hackthebrain/easy.php</pre>\r\n\r\n<p>Challenge ini adalah tentang http request method. Seperti yang kita tau, <a href=\"http://rve.org.uk/dumprequest\">http request</a>&nbsp;method yang sering dipake di web itu ada <strong>GET</strong> sama <strong>POST</strong>. GET biasanya dipakai buat ngerequest data-data yang ga rahasia. Contoh dari GET adalah saat kita ngunjungin halaman web. URL itu sebenernya dikirim ke server dengan menggunakan http request dengan&nbsp;method GET. Untuk ngepassing parameter, metode ini pake syntax <em><strong>?[name]=[value]</strong></em>. Contohnya lihat aja deh di URL halaman ini, hehe. Karena requestnya telanjang gitu, gak aman buat ngirim data yang aman pake metode ini (misal username dan password). Di history juga kelihatan kan jadinya kalau pakai method ini.</p>\r\n\r\n<p>Oke beranjak ke metode kedua yaitu POST. Inilah sebenernya yang diinginkan di challenge ini.</p>\r\n\r\n<pre>\r\nMau login?\r\nSilahkan. You <strong>dont get</strong> it, right ?</pre>\r\n\r\n<p>Tapi tantangannya, kita nggak dikasih form buat ngirim request berupa Username dan Password itu ke server. Oleh karena itu kita butuh tools buat ngirim request ini. Kalo aku pakai <a href=\"https://chrome.google.com/webstore/detail/postman/fhbjgbiflinjbdggehcddcbncdddomop?hl=en\">Postman</a>.</p>\r\n\r\n<p><img alt=\"\" src=\"https://preview.ibb.co/cO18aa/86225900_cd50_48cd_8780_a51958cf0f63.jpg\" /></p>\r\n\r\n<blockquote>\r\n<p><strong>FLAG :&nbsp;noob{tuk4ng_pos_ngirim_p0s_omg}</strong></p>\r\n</blockquote>',0,'2017-04-03 04:51:25','2017-04-03 04:51:25'),(4,56,4,'<pre>\r\nWeb ini seperti biskuit bertabur bulatan coklat. Visit <a href=\"http://10.151.32.81/hackthebrain/coklat.php\">This</a></pre>\r\n\r\n<p>Kita diberikan challenge yang berupa form login. Pertama kita lihat dulu behaviour nya. Coba submit username : admin password : admin</p>\r\n\r\n<pre>\r\nTryin hard to be admin, huh?\r\n</pre>\r\n\r\n<p>Ternyata di filter. Coba lagi pake username : test password : test</p>\r\n\r\n<p>&nbsp;</p>\r\n\r\n<pre>\r\nHey, test</pre>\r\n\r\n<p>Lalu sesuai hint yang diberikan soal, biskuit bertabur bulatan coklat yang dimaksud adalah <a href=\"http://www.pusatgratis.com/info/apa-itu-cookie-apa-kegunaanya-dan-kenapa-dibuat.html\">cookie</a>. Cookie berguna untuk menyimpan sementara data yang dipunyai user untuk selanjutnya dimanfaatkan sama si web ini. Yok langsung aja kita cek cookie apa sih yang disimpan setelah login. Aku rekomendasikan pake <a href=\"https://chrome.google.com/webstore/detail/editthiscookie/fngmhnnpilhplaeedifhccceomclgfbg?hl=en\">EditThisCookie</a>.</p>\r\n\r\n<p><img alt=\"\" src=\"https://image.ibb.co/kt2aMF/dfa3f006_154e_4092_b0fe_5116f303fca5.jpg\" /></p>\r\n\r\n<p>Ternyata ada cookie <strong>whoami&nbsp;</strong>yang bernilai seperti di gambar itu. Mudah saja, nilai itu telah di encrypt dengan base64 yang dimana hasilnya setelah di <a href=\"http://pbaseconverter.com/\">decrypt</a> adalah username yang kita masukin itu sendiri. Kalo gitu yok kita encrypt ke base64 <strong>admin</strong>&nbsp;= <em><strong>YWRtaW4=</strong></em> terus ganti cookie nya.</p>\r\n\r\n<blockquote>\r\n<p><strong>FLAG :&nbsp;Flag: noob{donnt_encrypt_y0ur_co0k3ie_lik3_this}</strong></p>\r\n</blockquote>',0,'2017-04-03 04:51:46','2017-04-03 04:51:46'),(5,7,12,'<p>Hello, noobs.</p>\r\n\r\n<p>Karena kata admin saya harus berbagi, jadi saya disini untuk berbagi. Sebenernya saya males nulis write up, tapi biar keliatan noobsnya, jadi... mari kita mulai.</p>\r\n\r\n<p>Seperti biasa, di soal kategori web yang umum (atau setidaknya saya sendiri) lakukan adalah melihat kerangka kerja webnya itu sendiri a.k.a page sourcenya.</p>\r\n\r\n<p>Pada bagian form login, saya melihat 2 clue (setidaknya untuk saya sendiri). Pertama, tidak terlihat kode JS untuk verifikasi form, jadi ini sudah pasti verifikasi pada bagian server sidenya. Kemudian, form menggunakan methode POST, saya semakin yakin verifikasi login terdapat di server side.</p>\r\n\r\n<p>Verifikasi server side sendiri (setahu saya) cuma ada 2 tipe. Kalo nggak pake kondisional IF dengan PHP biasa, ya pake query MySQL.</p>\r\n\r\n<p>Karena tidak ada clue dari halaman soal mengenai kemungkinan password (dan saya juga males nyari btw :\\), saya memutuskan untuk mencoba metode SQL Injection dasar. Dan, voila...!!!!! GG EZ</p>\r\n\r\n<p>*ADMIN : KAMU JANGAN SOMBONG !!!!!*</p>\r\n\r\n<p>Iya, maaf min.</p>\r\n\r\n<p>Silahkan cari sendiri mengenai SQL Injection.</p>\r\n\r\n<p>Tapi, clue untuk anda karena saya juga seorang noob : &quot;Cari sintaks untuk make view pada SQL&quot;</p>\r\n\r\n<p>Semangat, n00bs.</p>\r\n\r\n<p>#TCGoesToGemastik</p>',0,'2017-04-03 05:19:55','2017-04-03 05:19:55'),(6,7,14,'<p>Hello n00bs,</p>\r\n\r\n<p>Kali ini mas yanglek sedikit belajar dari kesalahannya yaitu tidak lagi memungkinan user memasukkan karakter non alphanumeric untuk mencegah memasukkan sintaks SQL Injection.</p>\r\n\r\n<p>Seperti biasa, kita periksa bagian page source halaman tersebut. Saya tidak melihat adanya sintaks JS untuk mencegah memasukkan karakter non alpha-numeric, namun saya melihat verifikasi tersebut pada tag input pada form.&nbsp;</p>\r\n\r\n<p><img alt=\"\" src=\"https://image.ibb.co/mSoqOv/writeup_SQLI.png\" style=\"height:363px; width:1253px\" /></p>\r\n\r\n<p>Tidak perlu menggunakan tools aneh - aneh, kita cukup melakukan inspect element, lalu lakukan perubahan source code yang memungkinkan anda melakukan SQL Injection.</p>\r\n\r\n<p>Sudah?</p>\r\n\r\n<p>Lakukan cara yang sama seperti yang anda lakukan di website mas yanglek sebelumnya.</p>\r\n\r\n<p>Voila...!!!</p>\r\n\r\n<p>#TCGoToGemastik</p>',0,'2017-04-03 05:25:29','2017-04-05 01:26:51'),(7,9,5,'<p><strong>Corrupted</strong><br />\r\nKita diberikan sebuah file dengan format jpg.<br />\r\nSetelah kita coba buka, ternyata file ini sesuai dengan judul nya, corrupt, hehe<br />\r\n<br />\r\nPada soal kategori forensik, hal pertama yang dapat kita lakukan tentu adalah melakukan <strong>pengecekan ekstensi file dari file Corrupted.jpg itu.</strong> Jika menggunakan OS basis <strong>Linux</strong>, pada distro yang kita pakai, biasanya sudah terinstall package &#39;file&#39;. Jadi, dengan command file, kita dapat mengecek ekstensi dari suatu file, meskipun file itu tidak secara eksplisit ditulis ekstensinya.<br />\r\nPada terminal, kita dapat mengetikkan <strong>file &lt;nama file&gt;</strong><br />\r\n<strong>Pada Windows</strong>,kita dapat menggunakan <strong>TRiD</strong> untuk melakukan pengecekan ekstensi file. Cara nya cukup mudah untuk menggunakan TRiD, yaitu dengan right-click pada file yang mau dicek, dan pilih bagian TRiD</p>\r\n\r\n<p>Setelah dicek,<br />\r\nHasilnya, ternyata file tersebut mengembalikan value &quot;data&quot;<br />\r\nMaka kita dapat menyimpulkan dua hal, antara file ini memang sesuai judul soal, ada sesuatu yang corrupt di dalam nya, atau file ini bukan file image. Tapi karena hasil command &#39;file&#39; adalah data, maka kemungkinan pertama yang kita ambil.<br />\r\n<br />\r\nLalu bagaimana?<br />\r\nHal kedua yang bisa kita lakukan dalam tipe soal forensik ini, biasanya <strong>hex checking</strong>. Hex checking melakukan pengecekan hex value dalam suatu file. <strong>Hex sendiri merupakan contain, isi, perut, body suatu file. Dan setiap tipe file, mempunyai header file, header itu merupakan kepala, sidik jari, ciri-ciri dari suatu file</strong><br />\r\n<br />\r\n<br />\r\nDi Linux, kita dapat menggunakan <strong>&#39;hexeditor&#39;</strong>, ataupun yang biasanya sering digunakan orang-orang, <strong>WxHexEditor</strong>. Kita juga dapat .melakukan pengecekan online. Saya biasanya menggunakan jasa <strong>hexed.it</strong> untuk online checking.<br />\r\nSelanjut, cek header file nya, ternyata header file itu tidak sesuai dengan header jpg pada biasanya. Header file ini FF D7 FE, sedangkan file header dari file jpg umumnya dimulai FF D8 FF (file header list dapat dicek di internet, saya biasanya menggukan laman milik Gary Kessler FIle Signature). Maka tinggal kita sesuaikan saja file header nya.</p>\r\n\r\n<p>NB : integritas pada suatu file image, khusus PNG, pada linux, kita dapat menggunakan package &#39;<strong>pngcheck</strong>&#39;, yang mesti kita download terlebih dahulu.<br />\r\nSekian, selamat mencoba<br />\r\n-Fene</p>',0,'2017-04-04 22:55:05','2017-04-04 22:55:05'),(8,7,9,'<p>Hello n00bs,</p>\r\n\r\n<p>Pada challenge kategori programming ini, kita tidak diberikan suatu clue (yang penting). Hanya sebuah link download yang memberikan sebuah file berekstensi .class</p>\r\n\r\n<p>.class sendiri adalah sebuah file yang berisikan data mengenai sebuah class yang berasal dari hasil compile dari bahasa pemrograman Java, mirip - mirip .exe dari hasil compile C/C++.</p>\r\n\r\n<p>Langsung saja kita download, tetapi ketika dicoba dibuka dengan Notepad++ hanya menghasilkan simbol - simbol aneh. Tentu saja, karena ini adalah hasil compile, sehingga isinya sudah menggunakan bahasa mesin.</p>\r\n\r\n<p>Kemudian timbul satu pertanyaan, bagaimana jika kita menggunakan .class decompiler? Semacam reversing dari .class untuk mendapatkan source code nya. Saya menggunakan Java Decompiler online dari http://www.showmycode.com/ dan langsung mendapatkan source codenya.</p>\r\n\r\n<p><img alt=\"\" src=\"https://image.ibb.co/dDNpGF/kopi.png\" style=\"height:475px; width:645px\" /></p>\r\n\r\n<p>Voila, anda bisa coding ulang dengan bahasa pemrograman favorit anda atau bisa menambahkan sintaks printout di kodingan tsb.</p>',0,'2017-04-05 01:47:30','2017-04-05 01:47:30'),(9,26,6,'<h1>Welcome n00bz di writeup noob bodoh pertama saya ini</h1>\r\n\r\n<p><img alt=\"ladies..\" src=\"https://media.tenor.co/images/83e9f264560cb0f7347e86610d9fb318/tenor.gif\" style=\"height:215px; width:400px\" /></p>\r\n\r\n<p>karena yang lain pada malas - malasan bikin writeup ini saya SANGAT TERPAKSA membuat writeup ini. so let&#39;s get shit done, n00bz</p>\r\n\r\n<p>to the point aja ni ye, the oldest trick in reverse engineering adalah melihat assembly codenya dan first thi--</p>\r\n\r\n<p>&nbsp;</p>\r\n\r\n<h2><strong>N00BZ: &quot;FFS MATE GIMME THE FLAG ALREADY!!!!&quot;</strong></h2>\r\n\r\n<p><img alt=\"\" src=\"http://i2.kym-cdn.com/photos/images/original/000/915/652/b49.gif\" style=\"height:200px; width:200px\" /></p>\r\n\r\n<p>&nbsp;</p>\r\n\r\n<p>whoa.. calm down, guys. Saya akan memberikan hint kepada para n00bz selangkah demi selangkah..</p>\r\n\r\n<p>*clear throat* Sampai dimana kita tadi.. hal pertama yang orang - orang lakukan (or at least myself) adalah melihat assembly code tersebut (sekadar info aja ini merupakan file ELF 64-bit LSB executable). Hal pertama yang dilakukan adalah mengunduh file hardcoded tersebut dan lihat isi file hardcoded tersebut menggunakan disassembler tool (in this case im using IDA Pro atau disassembler tool lain senyaman kalian).</p>\r\n\r\n<p>&nbsp;</p>\r\n\r\n<p>Nah mungkin hal pertama yang kalian pikirkan adalah &quot;What in the world is this ****??&quot; that ****, ladies and gentlemenis an assembly code. Silahkan lihat menggunakan logika kalian selogis mungkin</p>\r\n\r\n<p><img alt=\"\" src=\"http://i.imgur.com/itMcsy5.gif\" style=\"height:171px; width:400px\" /></p>\r\n\r\n<h2><strong>N00BZ: &quot;I can&#39;t use my logic for this :BibleThump:&quot;</strong></h2>\r\n\r\n<p><img alt=\"\" src=\"https://68.media.tumblr.com/202342fba51f36b80d6003b5b351ac17/tumblr_nufcy82XuR1sokuw4o1_500.gif\" style=\"height:197px; width:200px\" /></p>\r\n\r\n<p>Ah maafkan. karena saya disini akan membantu kalian para n00bz maka saya akan membantu. Oke alasan saya menggunakan IDA Pro karena saya dapat mengkonversi assembly itu menjadi pseudocode.</p>\r\n\r\n<p><img alt=\"\" src=\"https://3.bp.blogspot.com/-bhVD2XS7RJQ/WLPMSUzTgyI/AAAAAAAAAMU/oZR04U1Mc18Kw-ZtOAeaRU1GhU67LR4aACLcB/s320/Screenshot%2B-%2B270217%2B-%2B13%253A50%253A10.png\" style=\"height:320px; width:200px\" /></p>\r\n\r\n<p>kalian bisa melihan sekumpulan nilai desimal namun tipe data char. what could it mean.. disaat ini kalian bisa merasakan keberadaan flag yang kita nantikan. Hmm.. mungkin jika kita konversikan nilai decimal menjadi varchar akan menjadi flag yang kita impikan. Sebagai bantuannya saya sudah menyiapkan table Decimal ASCII Chart</p>\r\n\r\n<table align=\"left\" border=\"1\" cellpadding=\"1\" cellspacing=\"1\" style=\"height:360px; width:397px\">\r\n<tbody>\r\n<tr>\r\n<td>0</td>\r\n<td>NUL</td>\r\n<td>16</td>\r\n<td>DLE</td>\r\n<td>32</td>\r\n<td>SP</td>\r\n<td>48</td>\r\n<td>0</td>\r\n<td>64</td>\r\n<td>@</td>\r\n<td>80</td>\r\n<td>P</td>\r\n<td>96</td>\r\n<td>`</td>\r\n<td>112</td>\r\n<td>p</td>\r\n</tr>\r\n<tr>\r\n<td>1</td>\r\n<td>SOH</td>\r\n<td>17</td>\r\n<td>DC1</td>\r\n<td>33</td>\r\n<td>!</td>\r\n<td>49</td>\r\n<td>1</td>\r\n<td>65</td>\r\n<td>A</td>\r\n<td>81</td>\r\n<td>Q</td>\r\n<td>97</td>\r\n<td>a</td>\r\n<td>113</td>\r\n<td>q</td>\r\n</tr>\r\n<tr>\r\n<td>2</td>\r\n<td>STX</td>\r\n<td>18</td>\r\n<td>DC2</td>\r\n<td>34</td>\r\n<td>&quot;</td>\r\n<td>50</td>\r\n<td>2</td>\r\n<td>66</td>\r\n<td>B</td>\r\n<td>82</td>\r\n<td>R</td>\r\n<td>98</td>\r\n<td>b</td>\r\n<td>114</td>\r\n<td>r</td>\r\n</tr>\r\n<tr>\r\n<td>3</td>\r\n<td>ETX</td>\r\n<td>19</td>\r\n<td>DC3</td>\r\n<td>35</td>\r\n<td>#</td>\r\n<td>51</td>\r\n<td>3</td>\r\n<td>67</td>\r\n<td>C</td>\r\n<td>83</td>\r\n<td>S</td>\r\n<td>99</td>\r\n<td>c</td>\r\n<td>115</td>\r\n<td>s</td>\r\n</tr>\r\n<tr>\r\n<td>4</td>\r\n<td>EOT</td>\r\n<td>20</td>\r\n<td>DC4</td>\r\n<td>36</td>\r\n<td>$</td>\r\n<td>52</td>\r\n<td>4</td>\r\n<td>68</td>\r\n<td>D</td>\r\n<td>84</td>\r\n<td>T</td>\r\n<td>100</td>\r\n<td>d</td>\r\n<td>116</td>\r\n<td>t</td>\r\n</tr>\r\n<tr>\r\n<td>5</td>\r\n<td>ENQ</td>\r\n<td>21</td>\r\n<td>NAK</td>\r\n<td>37</td>\r\n<td>%</td>\r\n<td>53</td>\r\n<td>5</td>\r\n<td>69</td>\r\n<td>E</td>\r\n<td>85</td>\r\n<td>U</td>\r\n<td>101</td>\r\n<td>e</td>\r\n<td>117</td>\r\n<td>u</td>\r\n</tr>\r\n<tr>\r\n<td>6</td>\r\n<td>ACK</td>\r\n<td>22</td>\r\n<td>SYN</td>\r\n<td>38</td>\r\n<td>&amp;</td>\r\n<td>54</td>\r\n<td>6</td>\r\n<td>70</td>\r\n<td>F</td>\r\n<td>86</td>\r\n<td>V</td>\r\n<td>102</td>\r\n<td>f</td>\r\n<td>118</td>\r\n<td>v</td>\r\n</tr>\r\n<tr>\r\n<td>7</td>\r\n<td>BEL</td>\r\n<td>23</td>\r\n<td>ETB</td>\r\n<td>39</td>\r\n<td>&#39;</td>\r\n<td>55</td>\r\n<td>7</td>\r\n<td>71</td>\r\n<td>G</td>\r\n<td>87</td>\r\n<td>W</td>\r\n<td>103</td>\r\n<td>g</td>\r\n<td>119</td>\r\n<td>w</td>\r\n</tr>\r\n<tr>\r\n<td>8</td>\r\n<td>BS</td>\r\n<td>24</td>\r\n<td>CAN</td>\r\n<td>40</td>\r\n<td>(</td>\r\n<td>56</td>\r\n<td>8</td>\r\n<td>72</td>\r\n<td>H</td>\r\n<td>88</td>\r\n<td>X</td>\r\n<td>104</td>\r\n<td>h</td>\r\n<td>120</td>\r\n<td>x</td>\r\n</tr>\r\n<tr>\r\n<td>9</td>\r\n<td>HT</td>\r\n<td>25</td>\r\n<td>EM</td>\r\n<td>41</td>\r\n<td>)</td>\r\n<td>57</td>\r\n<td>9</td>\r\n<td>73</td>\r\n<td>I</td>\r\n<td>89</td>\r\n<td>Y</td>\r\n<td>105</td>\r\n<td>i</td>\r\n<td>121</td>\r\n<td>y</td>\r\n</tr>\r\n<tr>\r\n<td>10</td>\r\n<td>LF</td>\r\n<td>26</td>\r\n<td>SUB</td>\r\n<td>42</td>\r\n<td>*</td>\r\n<td>58</td>\r\n<td>:</td>\r\n<td>74</td>\r\n<td>J</td>\r\n<td>90</td>\r\n<td>Z</td>\r\n<td>106</td>\r\n<td>j</td>\r\n<td>122</td>\r\n<td>z</td>\r\n</tr>\r\n<tr>\r\n<td>11</td>\r\n<td>VT</td>\r\n<td>27</td>\r\n<td>ESC</td>\r\n<td>43</td>\r\n<td>+</td>\r\n<td>59</td>\r\n<td>;</td>\r\n<td>75</td>\r\n<td>K</td>\r\n<td>91</td>\r\n<td>[</td>\r\n<td>107</td>\r\n<td>k</td>\r\n<td>123</td>\r\n<td>{</td>\r\n</tr>\r\n<tr>\r\n<td>12</td>\r\n<td>FF</td>\r\n<td>28</td>\r\n<td>FS</td>\r\n<td>44</td>\r\n<td>,</td>\r\n<td>60</td>\r\n<td>&lt;</td>\r\n<td>76</td>\r\n<td>L</td>\r\n<td>92</td>\r\n<td>\\</td>\r\n<td>108</td>\r\n<td>l</td>\r\n<td>124</td>\r\n<td>|</td>\r\n</tr>\r\n<tr>\r\n<td>13</td>\r\n<td>CR</td>\r\n<td>29</td>\r\n<td>GS</td>\r\n<td>45</td>\r\n<td>-</td>\r\n<td>61</td>\r\n<td>=</td>\r\n<td>77</td>\r\n<td>M</td>\r\n<td>93</td>\r\n<td>]</td>\r\n<td>109</td>\r\n<td>m</td>\r\n<td>125</td>\r\n<td>}</td>\r\n</tr>\r\n<tr>\r\n<td>14</td>\r\n<td>SO</td>\r\n<td>30</td>\r\n<td>RS</td>\r\n<td>46</td>\r\n<td>.</td>\r\n<td>62</td>\r\n<td>&gt;</td>\r\n<td>78</td>\r\n<td>N</td>\r\n<td>94</td>\r\n<td>^</td>\r\n<td>110</td>\r\n<td>n</td>\r\n<td>126</td>\r\n<td>~</td>\r\n</tr>\r\n<tr>\r\n<td>15</td>\r\n<td>SI</td>\r\n<td>31</td>\r\n<td>US</td>\r\n<td>47</td>\r\n<td>/</td>\r\n<td>63</td>\r\n<td>?</td>\r\n<td>79</td>\r\n<td>O</td>\r\n<td>95</td>\r\n<td>_</td>\r\n<td>111</td>\r\n<td>o</td>\r\n<td>127</td>\r\n<td>DEL</td>\r\n</tr>\r\n</tbody>\r\n</table>\r\n\r\n<p>*note: kalau ada kesalahan maafkan ya xD</p>\r\n\r\n<p>&nbsp;</p>\r\n\r\n<p>&nbsp;</p>\r\n\r\n<p>&nbsp;</p>\r\n\r\n<p>&nbsp;</p>\r\n\r\n<p>&nbsp;</p>\r\n\r\n<p>&nbsp;</p>\r\n\r\n<p>&nbsp;</p>\r\n\r\n<p>&nbsp;</p>\r\n\r\n<p>&nbsp;</p>\r\n\r\n<p>&nbsp;</p>\r\n\r\n<p>&nbsp;</p>\r\n\r\n<p>&nbsp;</p>\r\n\r\n<p>Dan kalau kita konversikan menjadi sesuatu yang terlihat rubbish.. apakah ini artinya tidak ada flag disitu atau masih ada langkah yang harus diselesaikan..</p>\r\n\r\n<p>Well turns out jika kalian melihat pseudocode di bawah ada satu perulangan while yang sangat menarik</p>\r\n\r\n<p><img alt=\"\" src=\"https://1.bp.blogspot.com/-pf5h87HkKNQ/WLPMtz1dqBI/AAAAAAAAAMc/UEOOPVVl7Ms0JcwyHLks0JRMwkYr9KE9ACLcB/s1600/Screenshot%2B-%2B270217%2B-%2B13%253A52%253A28.png\" style=\"height:176px; width:291px\" /></p>\r\n\r\n<p>Jadi inti dari perulangan tersebut adalah semua decimal yang ada di v7 dan seterusnya ditambah 25. Silahkan cari flagnya. It&#39;s kinda obvious what&#39;s the flag.</p>\r\n\r\n<h2><strong>N00BZ: &quot;I finally solved it, B00s&quot;</strong></h2>\r\n\r\n<p><strong><img alt=\"\" src=\"https://media.giphy.com/media/FHCHRtwAZgGFq/giphy.gif\" style=\"height:297px; width:300px\" /></strong></p>\r\n\r\n<p>So anyway, reverse engineering memang susah. Saya pun juga kesusahan. Jika kita berusaha dan belajar dengan giat pasti soal seperti ini akan kalian kerjakan dengan ez af (kecuali bagi kalian n00bz)</p>\r\n\r\n<h1>Semangat n00bz =D</h1>\r\n\r\n<p><img alt=\"\" src=\"https://media.giphy.com/media/12XDYvMJNcmLgQ/giphy.gif\" style=\"height:359px; width:480px\" /></p>\r\n\r\n<p>#TCGoesToGemastik</p>',0,'2017-04-05 03:29:55','2017-04-05 03:53:08'),(10,7,10,'<p>Soal ini tergolong soal dasar mengenai kriptografi. Seperti soal kriptografi yang lainnya, anda harus mengenali ciri khas dari suatu metode kriptografi (silahkan googling sendiri untuk mencari referensi lebih lengkap).</p>\r\n\r\n<p>Di soal ini diberikan sebuah cipher text yang terdiri dari full kapital. Dari hasil googling (dan pengetahuan saya sendiri), cipher text yg terdiri dari full kapital adalah ciri dari metode Base32.</p>\r\n\r\n<p>Silahkan anda cari sendiri di google Base32 Decoder dan langsung gunakan untuk mendapatkan flagnya.</p>\r\n\r\n<p>Voila!!!</p>',0,'2017-04-17 09:10:32','2017-04-17 09:10:32');
/*!40000 ALTER TABLE `writeups` ENABLE KEYS */;
UNLOCK TABLES;
/*!40103 SET TIME_ZONE=@OLD_TIME_ZONE */;

/*!40101 SET SQL_MODE=@OLD_SQL_MODE */;
/*!40014 SET FOREIGN_KEY_CHECKS=@OLD_FOREIGN_KEY_CHECKS */;
/*!40014 SET UNIQUE_CHECKS=@OLD_UNIQUE_CHECKS */;
/*!40101 SET CHARACTER_SET_CLIENT=@OLD_CHARACTER_SET_CLIENT */;
/*!40101 SET CHARACTER_SET_RESULTS=@OLD_CHARACTER_SET_RESULTS */;
/*!40101 SET COLLATION_CONNECTION=@OLD_COLLATION_CONNECTION */;
/*!40111 SET SQL_NOTES=@OLD_SQL_NOTES */;

-- Dump completed on 2019-09-07  7:23:01
